projname,teamname,environment,region,date_of_build,duration_of_build,status,entitlements_created,user_id,log_on,log_off
proj3,team7,stg,APAC,Null,Null,Null,Null,ahambright0,22/05/2024 12:34:55,22/05/2024 13:28:01
proj2,team5,prd,AMER,Null,Null,Null,Null,elote1,30/01/2024 09:31:07,30/01/2024 10:14:15
proj5,team2,dev,EMEA,Null,Null,Null,Null,dbisco2,10/04/2024 14:13:35,10/04/2024 14:43:51
proj3,team1,dev,EMEA,Null,Null,Null,Null,mchadwick3,30/03/2024 19:58:47,30/03/2024 20:04:48
proj2,team4,stg,AMER,Null,Null,Null,Null,crobrow4,02/05/2024 10:37:44,02/05/2024 11:28:45
proj10,team7,dev,EMEA,Null,Null,Null,Null,acartan5,20/02/2024 02:31:17,20/02/2024 02:41:38
proj9,team2,stg,EMEA,Null,Null,Null,Null,kmansel6,21/05/2024 11:56:57,21/05/2024 12:50:04
proj7,team9,dev,APAC,Null,Null,Null,Null,kianinotti7,09/06/2024 01:50:47,09/06/2024 02:04:31
proj2,team10,dev,EMEA,Null,Null,Null,Null,mkilbey8,06/06/2024 22:52:37,06/06/2024 23:49:02
proj2,team3,prd,AMER,Null,Null,Null,Null,coffer9,24/03/2024 00:11:44,24/03/2024 00:29:39
proj10,team2,prd,AMER,Null,Null,Null,Null,tlavericka,23/06/2024 03:19:58,23/06/2024 04:02:13
proj10,team4,stg,APAC,Null,Null,Null,Null,wkimberleyb,05/01/2024 10:56:59,05/01/2024 11:23:28
proj1,team6,prd,APAC,Null,Null,Null,Null,graitc,12/01/2024 22:30:52,12/01/2024 23:24:26
proj4,team4,stg,EMEA,Null,Null,Null,Null,mgilderd,30/06/2024 11:25:59,30/06/2024 11:30:36
proj10,team4,stg,EMEA,Null,Null,Null,Null,aschofflere,24/01/2024 17:40:06,24/01/2024 17:41:33
proj9,team7,dev,EMEA,Null,Null,Null,Null,dmularkeyf,28/02/2024 16:26:07,28/02/2024 17:23:46
proj1,team10,dev,EMEA,Null,Null,Null,Null,sgillottg,25/06/2024 17:57:57,25/06/2024 18:05:33
proj9,team4,stg,APAC,Null,Null,Null,Null,hlucush,06/06/2024 19:24:52,06/06/2024 19:39:19
proj9,team5,dev,EMEA,Null,Null,Null,Null,remmi,23/02/2024 05:44:58,23/02/2024 05:50:28
proj8,team2,dev,APAC,Null,Null,Null,Null,mglandj,07/07/2024 20:49:17,07/07/2024 21:22:46
proj9,team3,dev,AMER,Null,Null,Null,Null,pramshawk,13/06/2024 12:47:38,13/06/2024 13:17:10
proj4,team8,prd,AMER,Null,Null,Null,Null,wbrewettl,16/04/2024 14:24:42,16/04/2024 14:52:32
proj2,team10,dev,AMER,Null,Null,Null,Null,elethbrigm,29/06/2024 16:17:32,29/06/2024 16:35:01
proj2,team1,prd,EMEA,Null,Null,Null,Null,dgeron,15/02/2024 16:14:54,15/02/2024 16:36:37
proj1,team1,dev,EMEA,Null,Null,Null,Null,scandelino,09/06/2024 00:25:28,09/06/2024 00:52:12
proj8,team8,dev,EMEA,Null,Null,Null,Null,jgreestp,12/05/2024 07:27:29,12/05/2024 08:17:07
proj4,team6,dev,EMEA,Null,Null,Null,Null,sorromq,14/04/2024 14:05:56,14/04/2024 14:12:48
proj10,team10,stg,APAC,Null,Null,Null,Null,bholdr,22/05/2024 18:37:56,22/05/2024 19:26:42
proj2,team2,prd,EMEA,Null,Null,Null,Null,bkorbas,08/07/2024 15:56:07,08/07/2024 16:46:25
proj7,team2,dev,AMER,Null,Null,Null,Null,hmckimmiet,08/02/2024 19:24:09,08/02/2024 19:30:27
proj2,team7,prd,EMEA,Null,Null,Null,Null,cragborneu,09/05/2024 21:15:46,09/05/2024 21:57:59
proj9,team7,stg,APAC,Null,Null,Null,Null,granscomev,25/06/2024 05:19:08,25/06/2024 05:36:43
proj3,team3,prd,AMER,Null,Null,Null,Null,zgilroyw,08/03/2024 11:41:16,08/03/2024 12:07:43
proj1,team9,prd,AMER,Null,Null,Null,Null,cbonsallx,13/02/2024 18:20:09,13/02/2024 18:58:52
proj10,team8,dev,EMEA,Null,Null,Null,Null,dhedderlyy,28/01/2024 09:40:08,28/01/2024 10:25:46
proj2,team4,dev,APAC,Null,Null,Null,Null,anewlandsz,07/01/2024 13:48:57,07/01/2024 14:03:32
proj4,team2,stg,APAC,Null,Null,Null,Null,gdekeyser10,24/06/2024 04:32:43,24/06/2024 04:58:31
proj10,team1,prd,APAC,Null,Null,Null,Null,ahalbeard11,07/04/2024 10:53:58,07/04/2024 11:45:31
proj10,team4,dev,AMER,Null,Null,Null,Null,lloughran12,27/01/2024 12:56:12,27/01/2024 13:43:30
proj1,team9,dev,APAC,Null,Null,Null,Null,jbrammall13,24/04/2024 08:47:48,24/04/2024 08:57:43
proj1,team2,stg,APAC,Null,Null,Null,Null,imisk14,07/01/2024 01:36:35,07/01/2024 02:22:06
proj2,team1,stg,APAC,Null,Null,Null,Null,wfettiplace15,10/01/2024 10:09:21,10/01/2024 11:04:06
proj5,team6,prd,EMEA,Null,Null,Null,Null,klakenden16,10/03/2024 18:19:00,10/03/2024 18:49:02
proj5,team2,stg,EMEA,Null,Null,Null,Null,jdoncom17,19/02/2024 03:54:23,19/02/2024 04:19:14
proj1,team7,prd,AMER,Null,Null,Null,Null,asissot18,03/07/2024 09:30:28,03/07/2024 09:42:30
proj4,team8,dev,APAC,Null,Null,Null,Null,kserman19,03/03/2024 18:14:34,03/03/2024 18:45:19
proj8,team1,stg,APAC,Null,Null,Null,Null,glafoy1a,22/06/2024 06:33:39,22/06/2024 06:52:45
proj5,team2,dev,APAC,Null,Null,Null,Null,frist1b,15/06/2024 22:17:41,15/06/2024 22:31:06
proj4,team7,stg,EMEA,Null,Null,Null,Null,bmitchely1c,12/03/2024 16:17:11,12/03/2024 16:28:10
proj4,team7,prd,AMER,Null,Null,Null,Null,spenkethman1d,10/06/2024 11:38:44,10/06/2024 12:34:47
proj3,team9,prd,APAC,Null,Null,Null,Null,acaesmans1e,21/02/2024 19:23:44,21/02/2024 19:41:21
proj4,team5,prd,EMEA,Null,Null,Null,Null,mantic1f,08/05/2024 17:44:07,08/05/2024 18:08:02
proj1,team7,stg,AMER,Null,Null,Null,Null,szeale1g,01/03/2024 05:33:14,01/03/2024 05:49:27
proj7,team9,prd,EMEA,Null,Null,Null,Null,istopher1h,02/06/2024 07:12:37,02/06/2024 08:04:37
proj6,team1,prd,EMEA,Null,Null,Null,Null,biggulden1i,07/01/2024 01:16:16,07/01/2024 01:25:51
proj3,team4,prd,APAC,Null,Null,Null,Null,mfantone1j,11/06/2024 22:36:28,11/06/2024 23:08:08
proj8,team1,stg,AMER,Null,Null,Null,Null,tlambricht1k,08/01/2024 21:24:21,08/01/2024 21:52:23
proj3,team3,dev,EMEA,Null,Null,Null,Null,ctuer1l,04/07/2024 07:33:54,04/07/2024 07:59:24
proj5,team8,prd,EMEA,Null,Null,Null,Null,mtemperley1m,05/02/2024 07:02:07,05/02/2024 07:13:37
proj7,team5,prd,AMER,Null,Null,Null,Null,zperel1n,13/01/2024 07:15:42,13/01/2024 07:45:38
proj9,team9,stg,AMER,Null,Null,Null,Null,mvanson1o,20/06/2024 18:06:41,20/06/2024 18:07:01
proj10,team8,dev,EMEA,Null,Null,Null,Null,fstack1p,10/06/2024 22:28:02,10/06/2024 22:37:41
proj3,team8,prd,APAC,Null,Null,Null,Null,jcummins1q,26/06/2024 07:01:37,26/06/2024 07:49:40
proj7,team8,prd,APAC,Null,Null,Null,Null,hkeynd1r,09/02/2024 06:09:01,09/02/2024 06:31:09
proj6,team3,dev,AMER,Null,Null,Null,Null,mgostage1s,04/03/2024 02:16:16,04/03/2024 02:36:52
proj6,team10,stg,EMEA,Null,Null,Null,Null,aburberye1t,13/02/2024 06:00:34,13/02/2024 06:35:54
proj3,team4,prd,AMER,Null,Null,Null,Null,fcharlet1u,27/03/2024 09:54:39,27/03/2024 10:28:23
proj2,team9,dev,APAC,Null,Null,Null,Null,lblazevic1v,28/01/2024 05:49:42,28/01/2024 06:48:47
proj7,team3,dev,AMER,Null,Null,Null,Null,grawlingson1w,08/04/2024 07:29:02,08/04/2024 07:42:14
proj2,team6,prd,AMER,Null,Null,Null,Null,ecrackel1x,29/04/2024 04:40:13,29/04/2024 05:04:30
proj8,team2,stg,EMEA,Null,Null,Null,Null,yholston1y,06/06/2024 15:31:41,06/06/2024 16:25:46
proj6,team5,dev,EMEA,Null,Null,Null,Null,wgobbet1z,02/01/2024 05:05:20,02/01/2024 05:15:03
proj6,team5,stg,APAC,Null,Null,Null,Null,nhewlings20,03/07/2024 18:43:25,03/07/2024 18:44:28
proj3,team9,dev,EMEA,Null,Null,Null,Null,kcammoile21,28/05/2024 00:09:20,28/05/2024 01:04:44
proj1,team5,prd,AMER,Null,Null,Null,Null,chearons22,08/07/2024 04:48:47,08/07/2024 05:31:29
proj9,team10,stg,APAC,Null,Null,Null,Null,rpetrelluzzi23,05/03/2024 13:14:00,05/03/2024 13:55:48
proj9,team7,prd,APAC,Null,Null,Null,Null,nmckeefry24,04/01/2024 22:30:57,04/01/2024 23:04:00
proj7,team6,stg,EMEA,Null,Null,Null,Null,lclayton25,27/05/2024 14:40:14,27/05/2024 14:46:35
proj3,team10,prd,EMEA,Null,Null,Null,Null,vglinde26,29/02/2024 05:31:23,29/02/2024 05:37:56
proj2,team3,prd,EMEA,Null,Null,Null,Null,twhild27,20/01/2024 13:34:55,20/01/2024 13:44:18
proj3,team4,prd,EMEA,Null,Null,Null,Null,mblinckhorne28,17/06/2024 00:36:14,17/06/2024 00:56:24
proj9,team10,prd,APAC,Null,Null,Null,Null,holyonov29,01/03/2024 12:20:43,01/03/2024 12:38:11
proj6,team8,stg,AMER,Null,Null,Null,Null,drenols2a,27/06/2024 01:26:38,27/06/2024 01:49:54
proj10,team10,dev,APAC,Null,Null,Null,Null,mbaxendale2b,19/06/2024 10:41:23,19/06/2024 11:21:48
proj1,team2,dev,EMEA,Null,Null,Null,Null,rkelloway2c,17/06/2024 16:09:24,17/06/2024 16:57:01
proj6,team3,dev,AMER,Null,Null,Null,Null,aivasechko2d,13/02/2024 16:00:27,13/02/2024 16:59:51
proj5,team1,dev,AMER,Null,Null,Null,Null,wkerfoot2e,07/05/2024 20:54:28,07/05/2024 21:09:41
proj9,team4,prd,APAC,Null,Null,Null,Null,sivanin2f,28/02/2024 00:24:57,28/02/2024 00:25:10
proj4,team2,stg,AMER,Null,Null,Null,Null,cflorez2g,02/02/2024 01:00:49,02/02/2024 01:08:39
proj5,team7,stg,AMER,Null,Null,Null,Null,mmacwhan2h,02/07/2024 14:13:24,02/07/2024 15:09:36
proj3,team10,stg,APAC,Null,Null,Null,Null,ldiwell2i,19/06/2024 03:12:14,19/06/2024 03:22:37
proj5,team4,dev,APAC,Null,Null,Null,Null,dipsgrave2j,16/01/2024 05:44:06,16/01/2024 06:38:32
proj7,team7,stg,EMEA,Null,Null,Null,Null,rarmsby2k,06/07/2024 12:16:18,06/07/2024 12:35:16
proj5,team5,dev,APAC,Null,Null,Null,Null,finglish2l,20/05/2024 15:49:48,20/05/2024 15:54:44
proj9,team4,prd,EMEA,Null,Null,Null,Null,roleksiak2m,28/03/2024 22:52:33,28/03/2024 23:50:00
proj4,team3,dev,EMEA,Null,Null,Null,Null,jleatham2n,16/04/2024 10:44:13,16/04/2024 11:07:59
proj1,team10,stg,AMER,Null,Null,Null,Null,wandriulis2o,06/04/2024 20:17:00,06/04/2024 21:12:10
proj3,team3,stg,AMER,Null,Null,Null,Null,kflukes2p,10/02/2024 00:18:06,10/02/2024 01:09:47
proj3,team1,stg,APAC,Null,Null,Null,Null,tmellmoth2q,14/01/2024 09:57:46,14/01/2024 10:34:07
proj8,team6,stg,EMEA,Null,Null,Null,Null,mdahlman2r,29/06/2024 01:28:39,29/06/2024 02:14:04
proj7,team1,stg,AMER,Null,Null,Null,Null,ssines2s,08/01/2024 04:49:14,08/01/2024 05:00:44
proj4,team3,dev,EMEA,Null,Null,Null,Null,kennals2t,20/04/2024 14:13:28,20/04/2024 14:41:42
proj9,team3,stg,AMER,Null,Null,Null,Null,phawker2u,09/04/2024 13:35:33,09/04/2024 14:19:34
proj10,team9,dev,EMEA,Null,Null,Null,Null,tlewknor2v,14/01/2024 21:00:04,14/01/2024 21:27:15
proj1,team7,prd,EMEA,Null,Null,Null,Null,bwarboy2w,05/04/2024 16:09:48,05/04/2024 17:00:04
proj4,team10,prd,APAC,Null,Null,Null,Null,lhackwell2x,01/02/2024 05:59:21,01/02/2024 06:17:10
proj3,team3,stg,APAC,Null,Null,Null,Null,nbountiff2y,24/03/2024 01:45:51,24/03/2024 02:08:17
proj2,team3,stg,EMEA,Null,Null,Null,Null,bmarritt2z,13/05/2024 08:11:07,13/05/2024 08:36:55
proj2,team10,dev,AMER,Null,Null,Null,Null,tebbotts30,05/02/2024 16:32:15,05/02/2024 16:37:27
proj7,team6,stg,APAC,Null,Null,Null,Null,mhalford31,11/06/2024 07:44:31,11/06/2024 07:57:20
proj1,team7,prd,EMEA,Null,Null,Null,Null,mfouldes32,29/04/2024 06:42:04,29/04/2024 07:06:19
proj8,team1,prd,APAC,Null,Null,Null,Null,dsatterfitt33,13/05/2024 02:57:39,13/05/2024 03:47:11
proj9,team6,prd,APAC,Null,Null,Null,Null,awhitnall34,26/03/2024 05:49:44,26/03/2024 06:39:19
proj9,team1,dev,APAC,Null,Null,Null,Null,earthan35,28/05/2024 16:37:32,28/05/2024 17:21:11
proj7,team1,dev,AMER,Null,Null,Null,Null,aharkes36,09/02/2024 14:57:23,09/02/2024 15:46:25
proj10,team4,dev,APAC,Null,Null,Null,Null,aantoniutti37,08/03/2024 20:47:10,08/03/2024 21:21:46
proj2,team3,dev,EMEA,Null,Null,Null,Null,lbiaggioli38,29/05/2024 16:49:57,29/05/2024 17:02:23
proj3,team5,prd,AMER,Null,Null,Null,Null,mchristol39,21/05/2024 03:31:01,21/05/2024 04:04:41
proj3,team10,prd,APAC,Null,Null,Null,Null,cworkman3a,27/02/2024 05:29:26,27/02/2024 06:13:51
proj9,team6,prd,EMEA,Null,Null,Null,Null,nmcclean3b,13/02/2024 00:49:40,13/02/2024 01:45:38
proj4,team10,stg,EMEA,Null,Null,Null,Null,gdrummond3c,17/02/2024 14:23:00,17/02/2024 14:52:24
proj10,team8,prd,APAC,Null,Null,Null,Null,tpachmann3d,19/06/2024 12:31:21,19/06/2024 12:35:28
proj3,team4,stg,APAC,Null,Null,Null,Null,djullian3e,22/04/2024 20:22:33,22/04/2024 20:34:58
proj2,team7,dev,EMEA,Null,Null,Null,Null,scovil3f,25/02/2024 11:31:11,25/02/2024 12:06:38
proj4,team8,dev,EMEA,Null,Null,Null,Null,kmccritchie3g,16/06/2024 11:33:16,16/06/2024 12:29:32
proj7,team6,dev,EMEA,Null,Null,Null,Null,odiamond3h,02/06/2024 05:16:47,02/06/2024 05:47:50
proj8,team6,prd,EMEA,Null,Null,Null,Null,gkrabbe3i,08/01/2024 04:06:47,08/01/2024 04:06:59
proj5,team9,dev,EMEA,Null,Null,Null,Null,kfydoe3j,23/05/2024 05:39:54,23/05/2024 05:59:07
proj9,team7,dev,EMEA,Null,Null,Null,Null,jbouchier3k,10/05/2024 21:51:36,10/05/2024 22:18:15
proj9,team3,prd,EMEA,Null,Null,Null,Null,rcarne3l,27/04/2024 12:55:05,27/04/2024 13:40:28
proj3,team3,dev,EMEA,Null,Null,Null,Null,mclick3m,20/04/2024 15:06:03,20/04/2024 15:53:53
proj4,team2,prd,EMEA,Null,Null,Null,Null,kbloxsom3n,02/06/2024 23:21:21,03/06/2024 00:16:19
proj8,team8,dev,EMEA,Null,Null,Null,Null,bkuhnwald3o,12/03/2024 00:27:50,12/03/2024 01:15:59
proj6,team1,dev,EMEA,Null,Null,Null,Null,amcinteer3p,21/03/2024 14:06:34,21/03/2024 14:42:21
proj4,team8,prd,APAC,Null,Null,Null,Null,gblackham3q,09/01/2024 16:09:22,09/01/2024 16:35:47
proj5,team3,stg,AMER,Null,Null,Null,Null,bmoresby3r,08/03/2024 17:19:53,08/03/2024 17:49:02
proj3,team7,dev,AMER,Null,Null,Null,Null,hgudger3s,21/04/2024 13:55:16,21/04/2024 14:25:52
proj4,team3,prd,APAC,Null,Null,Null,Null,eclaughton3t,07/07/2024 00:59:42,07/07/2024 01:57:36
proj7,team2,prd,AMER,Null,Null,Null,Null,pgummory3u,08/02/2024 01:39:00,08/02/2024 01:45:57
proj6,team8,prd,EMEA,Null,Null,Null,Null,chaacker3v,13/03/2024 14:23:28,13/03/2024 14:40:50
proj5,team2,stg,APAC,Null,Null,Null,Null,bgair3w,04/07/2024 14:32:21,04/07/2024 14:49:20
proj10,team7,dev,EMEA,Null,Null,Null,Null,cbourget3x,16/02/2024 11:40:36,16/02/2024 12:06:54
proj9,team8,dev,AMER,Null,Null,Null,Null,iflynn3y,04/07/2024 01:07:35,04/07/2024 01:14:49
proj5,team5,stg,EMEA,Null,Null,Null,Null,dstinchcombe3z,13/06/2024 12:11:48,13/06/2024 12:41:52
proj9,team6,stg,EMEA,Null,Null,Null,Null,jrosencrantz40,20/01/2024 13:56:52,20/01/2024 13:58:26
proj9,team4,dev,AMER,Null,Null,Null,Null,cmcnerlin41,26/03/2024 10:31:17,26/03/2024 10:32:33
proj8,team4,prd,EMEA,Null,Null,Null,Null,bmingotti42,15/01/2024 01:45:32,15/01/2024 02:38:01
proj3,team1,stg,EMEA,Null,Null,Null,Null,fdaveridge43,11/03/2024 23:28:23,11/03/2024 23:39:53
proj4,team7,stg,EMEA,Null,Null,Null,Null,jfreschini44,09/04/2024 14:25:01,09/04/2024 14:41:50
proj8,team10,prd,APAC,Null,Null,Null,Null,nyantsurev45,06/05/2024 22:46:43,06/05/2024 23:22:11
proj3,team6,stg,AMER,Null,Null,Null,Null,sgillet46,02/03/2024 18:57:47,02/03/2024 18:59:43
proj5,team5,prd,APAC,Null,Null,Null,Null,tbedlington47,13/02/2024 00:04:26,13/02/2024 00:59:51
proj10,team2,dev,APAC,Null,Null,Null,Null,rbeddoes48,22/06/2024 12:54:13,22/06/2024 13:31:01
proj5,team6,dev,AMER,Null,Null,Null,Null,pwelbeck49,02/07/2024 15:10:35,02/07/2024 15:57:23
proj8,team4,stg,APAC,Null,Null,Null,Null,badamek4a,13/02/2024 22:02:06,13/02/2024 22:05:51
proj4,team1,stg,APAC,Null,Null,Null,Null,afrain4b,25/05/2024 07:22:28,25/05/2024 07:51:21
proj1,team3,stg,EMEA,Null,Null,Null,Null,ddowd4c,31/05/2024 13:47:27,31/05/2024 14:18:33
proj6,team6,stg,AMER,Null,Null,Null,Null,tmatessian4d,22/03/2024 19:49:55,22/03/2024 19:50:24
proj1,team10,prd,AMER,Null,Null,Null,Null,dgowthorpe4e,22/01/2024 00:37:50,22/01/2024 01:01:16
proj9,team10,prd,AMER,Null,Null,Null,Null,asholl4f,13/04/2024 10:05:07,13/04/2024 10:54:08
proj5,team7,stg,EMEA,Null,Null,Null,Null,tgartshore4g,14/02/2024 03:05:31,14/02/2024 03:50:22
proj4,team1,stg,AMER,Null,Null,Null,Null,dcholdcroft4h,29/02/2024 17:30:32,29/02/2024 18:22:12
proj2,team2,dev,EMEA,Null,Null,Null,Null,borehead4i,04/07/2024 11:46:00,04/07/2024 11:53:41
proj4,team9,prd,APAC,Null,Null,Null,Null,rgostyke4j,05/02/2024 15:07:50,05/02/2024 16:06:48
proj6,team3,dev,APAC,Null,Null,Null,Null,dlydden4k,14/05/2024 01:12:50,14/05/2024 01:18:56
proj3,team6,dev,EMEA,Null,Null,Null,Null,jmarcone4l,17/01/2024 12:55:03,17/01/2024 13:50:19
proj4,team4,dev,APAC,Null,Null,Null,Null,ppaprotny4m,18/05/2024 14:49:59,18/05/2024 15:43:26
proj2,team7,prd,EMEA,Null,Null,Null,Null,emyerscough4n,14/06/2024 03:00:27,14/06/2024 03:03:43
proj3,team6,dev,APAC,Null,Null,Null,Null,acawt4o,28/05/2024 21:26:32,28/05/2024 21:55:19
proj6,team7,prd,EMEA,Null,Null,Null,Null,jrosenthaler4p,21/05/2024 04:51:39,21/05/2024 05:19:32
proj9,team1,stg,EMEA,Null,Null,Null,Null,scarmen4q,14/01/2024 17:19:31,14/01/2024 18:09:20
proj9,team3,dev,APAC,Null,Null,Null,Null,ctankard4r,07/04/2024 17:25:02,07/04/2024 18:24:01
proj2,team3,stg,APAC,Null,Null,Null,Null,bmarval4s,21/03/2024 15:52:08,21/03/2024 16:44:53
proj4,team10,stg,APAC,Null,Null,Null,Null,cgrimmolby4t,19/06/2024 16:07:48,19/06/2024 16:18:17
proj1,team7,prd,AMER,Null,Null,Null,Null,mfreezor4u,11/01/2024 23:11:09,11/01/2024 23:48:10
proj4,team4,prd,AMER,Null,Null,Null,Null,mdominichetti4v,03/01/2024 05:48:42,03/01/2024 06:03:25
proj4,team8,stg,APAC,Null,Null,Null,Null,gclash4w,19/06/2024 00:18:29,19/06/2024 00:42:48
proj10,team2,stg,APAC,Null,Null,Null,Null,wstidson4x,09/02/2024 18:48:50,09/02/2024 19:30:15
proj8,team9,dev,EMEA,Null,Null,Null,Null,kmilvarnie4y,13/06/2024 03:58:32,13/06/2024 04:51:00
proj3,team7,dev,APAC,Null,Null,Null,Null,pcapehorn4z,04/03/2024 10:14:48,04/03/2024 10:54:27
proj10,team4,dev,APAC,Null,Null,Null,Null,ogyford50,23/04/2024 23:14:08,23/04/2024 23:37:42
proj5,team7,dev,APAC,Null,Null,Null,Null,wstilldale51,01/03/2024 00:05:50,01/03/2024 00:20:36
proj8,team4,prd,AMER,Null,Null,Null,Null,kocannon52,06/05/2024 12:54:12,06/05/2024 13:46:42
proj2,team4,prd,EMEA,Null,Null,Null,Null,btripp53,31/01/2024 02:48:32,31/01/2024 03:09:24
proj5,team2,prd,AMER,Null,Null,Null,Null,feichmann54,20/02/2024 04:26:47,20/02/2024 04:55:20
proj7,team10,stg,AMER,Null,Null,Null,Null,amckeating55,14/05/2024 12:54:50,14/05/2024 13:26:38
proj2,team2,dev,EMEA,Null,Null,Null,Null,hbrown56,20/03/2024 06:30:34,20/03/2024 07:03:45
proj3,team5,stg,AMER,Null,Null,Null,Null,sruff57,26/05/2024 15:25:27,26/05/2024 15:51:27
proj9,team9,stg,EMEA,Null,Null,Null,Null,dvivyan58,18/03/2024 15:24:11,18/03/2024 15:59:59
proj10,team4,stg,APAC,Null,Null,Null,Null,kmurt59,22/01/2024 11:51:21,22/01/2024 11:51:43
proj2,team2,stg,AMER,Null,Null,Null,Null,gmears5a,06/06/2024 13:59:57,06/06/2024 14:01:00
proj7,team1,stg,EMEA,Null,Null,Null,Null,rlugton5b,31/05/2024 17:44:03,31/05/2024 18:26:13
proj9,team7,dev,APAC,Null,Null,Null,Null,sewles5c,25/05/2024 11:10:32,25/05/2024 11:56:43
proj7,team7,stg,AMER,Null,Null,Null,Null,tterren5d,05/04/2024 17:57:27,05/04/2024 18:02:23
proj5,team6,stg,APAC,Null,Null,Null,Null,braiment5e,02/04/2024 19:03:01,02/04/2024 19:36:37
proj10,team5,stg,AMER,Null,Null,Null,Null,schilderhouse5f,04/01/2024 13:58:03,04/01/2024 14:34:17
proj1,team2,dev,EMEA,Null,Null,Null,Null,gkellog5g,26/04/2024 01:42:05,26/04/2024 02:10:42
proj8,team3,prd,AMER,Null,Null,Null,Null,hdreher5h,09/03/2024 19:53:27,09/03/2024 20:30:33
proj6,team5,prd,APAC,Null,Null,Null,Null,salthorpe5i,02/03/2024 14:05:58,02/03/2024 14:27:06
proj7,team6,prd,EMEA,Null,Null,Null,Null,cceeley5j,19/06/2024 03:30:49,19/06/2024 04:29:58
proj2,team9,dev,APAC,Null,Null,Null,Null,eswayton5k,06/03/2024 15:33:04,06/03/2024 16:21:22
proj1,team1,dev,EMEA,Null,Null,Null,Null,mfarlow5l,13/03/2024 21:28:29,13/03/2024 22:22:40
proj4,team7,prd,AMER,Null,Null,Null,Null,iseaborne5m,15/01/2024 20:25:27,15/01/2024 20:42:49
proj10,team2,dev,EMEA,Null,Null,Null,Null,nludlom5n,20/04/2024 18:47:43,20/04/2024 19:38:16
proj1,team6,dev,APAC,Null,Null,Null,Null,abrewitt5o,12/05/2024 22:40:09,12/05/2024 23:04:36
proj8,team7,stg,EMEA,Null,Null,Null,Null,cbrouard5p,10/03/2024 03:05:31,10/03/2024 03:41:42
proj9,team7,stg,AMER,Null,Null,Null,Null,twathey5q,09/01/2024 02:20:53,09/01/2024 02:35:28
proj3,team5,dev,APAC,Null,Null,Null,Null,lbovingdon5r,05/06/2024 08:42:54,05/06/2024 08:51:36
proj7,team9,prd,APAC,Null,Null,Null,Null,ppenniell5s,24/01/2024 16:01:41,24/01/2024 16:43:55
proj7,team8,stg,AMER,Null,Null,Null,Null,aspick5t,13/06/2024 20:48:02,13/06/2024 21:32:31
proj2,team6,stg,EMEA,Null,Null,Null,Null,tmeininger5u,23/02/2024 23:26:25,24/02/2024 00:12:11
proj2,team10,stg,APAC,Null,Null,Null,Null,thaker5v,05/03/2024 05:38:11,05/03/2024 06:27:50
proj8,team1,stg,AMER,Null,Null,Null,Null,eswetenham5w,29/04/2024 02:14:56,29/04/2024 02:47:10
proj1,team7,prd,AMER,Null,Null,Null,Null,pvanderplas5x,30/04/2024 04:27:53,30/04/2024 04:53:49
proj10,team9,prd,APAC,Null,Null,Null,Null,emenis5y,15/05/2024 00:23:11,15/05/2024 00:23:32
proj5,team8,stg,APAC,Null,Null,Null,Null,cglasscock5z,15/06/2024 01:28:42,15/06/2024 02:14:37
proj2,team5,prd,APAC,Null,Null,Null,Null,sblasetti60,13/05/2024 04:31:53,13/05/2024 04:48:47
proj4,team1,stg,EMEA,Null,Null,Null,Null,vruoss61,04/03/2024 22:31:00,04/03/2024 23:21:51
proj3,team7,prd,EMEA,Null,Null,Null,Null,msongist62,03/04/2024 23:03:35,03/04/2024 23:58:12
proj3,team3,prd,EMEA,Null,Null,Null,Null,jholston63,02/06/2024 05:11:52,02/06/2024 06:11:28
proj3,team8,stg,EMEA,Null,Null,Null,Null,cbartalin64,24/06/2024 19:05:38,24/06/2024 19:31:23
proj1,team8,prd,APAC,Null,Null,Null,Null,ccuschieri65,10/06/2024 03:36:31,10/06/2024 04:29:41
proj8,team9,stg,AMER,Null,Null,Null,Null,dbrabben66,18/05/2024 07:45:44,18/05/2024 07:48:12
proj7,team5,stg,APAC,Null,Null,Null,Null,granger67,14/05/2024 17:46:52,14/05/2024 18:37:14
proj6,team1,dev,EMEA,Null,Null,Null,Null,idusey68,10/01/2024 09:35:24,10/01/2024 10:20:10
proj5,team6,dev,APAC,Null,Null,Null,Null,dpuleston69,26/02/2024 09:11:23,26/02/2024 09:23:09
proj6,team2,dev,APAC,Null,Null,Null,Null,sbirtwisle6a,15/01/2024 10:01:50,15/01/2024 10:48:05
proj3,team7,dev,AMER,Null,Null,Null,Null,kstoddart6b,13/02/2024 15:12:39,13/02/2024 16:00:42
proj1,team7,stg,APAC,Null,Null,Null,Null,talgy6c,16/04/2024 08:39:30,16/04/2024 08:57:57
proj2,team9,dev,APAC,Null,Null,Null,Null,wosborne6d,30/01/2024 13:07:53,30/01/2024 13:45:06
proj10,team10,stg,AMER,Null,Null,Null,Null,lgoulder6e,10/04/2024 10:09:41,10/04/2024 10:50:32
proj2,team1,dev,APAC,Null,Null,Null,Null,cframpton6f,31/01/2024 22:46:33,31/01/2024 23:23:55
proj8,team7,prd,EMEA,Null,Null,Null,Null,ablythin6g,06/02/2024 16:04:08,06/02/2024 16:32:43
proj2,team5,prd,AMER,Null,Null,Null,Null,lfaughny6h,15/01/2024 13:51:43,15/01/2024 14:29:48
proj5,team8,stg,EMEA,Null,Null,Null,Null,cboules6i,06/02/2024 02:58:35,06/02/2024 03:20:29
proj8,team8,prd,EMEA,Null,Null,Null,Null,fsafell6j,12/02/2024 20:50:05,12/02/2024 21:16:38
proj2,team4,dev,APAC,Null,Null,Null,Null,wtrewinnard6k,29/05/2024 13:09:31,29/05/2024 13:29:36
proj10,team7,prd,AMER,Null,Null,Null,Null,jrushbrook6l,03/02/2024 20:27:45,03/02/2024 21:16:41
proj1,team10,prd,AMER,Null,Null,Null,Null,hgammade6m,04/01/2024 12:45:02,04/01/2024 13:28:45
proj3,team8,stg,AMER,Null,Null,Null,Null,kcant6n,13/01/2024 09:09:59,13/01/2024 09:16:57
proj5,team9,stg,APAC,Null,Null,Null,Null,kmacconneely6o,13/04/2024 14:51:05,13/04/2024 15:30:38
proj7,team2,stg,EMEA,Null,Null,Null,Null,pgowanson6p,19/02/2024 02:29:00,19/02/2024 03:18:13
proj7,team10,stg,APAC,Null,Null,Null,Null,ograbb6q,18/06/2024 13:08:47,18/06/2024 13:44:24
proj8,team6,stg,AMER,Null,Null,Null,Null,mguswell6r,09/01/2024 17:19:14,09/01/2024 18:05:08
proj3,team9,stg,AMER,Null,Null,Null,Null,glanfranconi6s,09/06/2024 10:43:29,09/06/2024 10:45:17
proj3,team9,prd,AMER,Null,Null,Null,Null,ebendon6t,27/03/2024 20:34:09,27/03/2024 20:54:11
proj6,team5,stg,APAC,Null,Null,Null,Null,bablitt6u,20/04/2024 13:27:57,20/04/2024 14:24:12
proj2,team10,prd,AMER,Null,Null,Null,Null,byarker6v,01/03/2024 15:26:42,01/03/2024 15:31:44
proj9,team9,dev,APAC,Null,Null,Null,Null,kflescher6w,15/04/2024 05:30:49,15/04/2024 06:29:22
proj8,team1,stg,EMEA,Null,Null,Null,Null,ekupka6x,16/02/2024 22:14:32,16/02/2024 22:41:48
proj9,team5,dev,AMER,Null,Null,Null,Null,tfarnes6y,08/02/2024 14:41:45,08/02/2024 15:29:54
proj5,team4,stg,APAC,Null,Null,Null,Null,esinnett6z,25/04/2024 20:15:06,25/04/2024 20:51:11
proj4,team9,stg,APAC,Null,Null,Null,Null,jmottershead70,26/06/2024 14:39:03,26/06/2024 14:40:26
proj10,team4,prd,AMER,Null,Null,Null,Null,mdionisii71,31/03/2024 02:39:15,31/03/2024 03:10:15
proj1,team8,prd,EMEA,Null,Null,Null,Null,glotze72,02/05/2024 09:15:35,02/05/2024 09:35:08
proj7,team4,dev,AMER,Null,Null,Null,Null,nvolet73,29/01/2024 01:22:46,29/01/2024 01:33:16
proj5,team5,dev,APAC,Null,Null,Null,Null,hmcard74,21/04/2024 16:53:56,21/04/2024 17:46:43
proj9,team10,stg,APAC,Null,Null,Null,Null,cfursland75,22/01/2024 16:57:08,22/01/2024 17:18:21
proj5,team2,prd,EMEA,Null,Null,Null,Null,pmacgown76,06/01/2024 09:04:21,06/01/2024 09:51:35
proj7,team7,prd,EMEA,Null,Null,Null,Null,gschollar77,21/05/2024 03:39:33,21/05/2024 04:38:30
proj7,team8,stg,EMEA,Null,Null,Null,Null,jmullenger78,10/04/2024 05:48:07,10/04/2024 06:12:25
proj1,team4,stg,APAC,Null,Null,Null,Null,ocandish79,05/05/2024 08:15:20,05/05/2024 08:54:15
proj8,team9,prd,AMER,Null,Null,Null,Null,skleinlerer7a,09/06/2024 11:29:16,09/06/2024 12:07:21
proj9,team6,stg,EMEA,Null,Null,Null,Null,grivel7b,28/04/2024 12:40:36,28/04/2024 12:56:12
proj10,team3,stg,APAC,Null,Null,Null,Null,slarge7c,09/02/2024 04:17:43,09/02/2024 04:22:18
proj5,team2,dev,APAC,Null,Null,Null,Null,mdeschlein7d,31/05/2024 21:26:09,31/05/2024 22:18:13
proj9,team1,prd,EMEA,Null,Null,Null,Null,kiorio7e,22/06/2024 09:49:08,22/06/2024 10:11:06
proj7,team3,dev,APAC,Null,Null,Null,Null,hswinbourne7f,23/04/2024 09:05:51,23/04/2024 09:49:53
proj5,team6,dev,EMEA,Null,Null,Null,Null,ochong7g,22/05/2024 09:59:42,22/05/2024 10:12:24
proj7,team2,dev,AMER,Null,Null,Null,Null,hwalling7h,29/01/2024 00:36:20,29/01/2024 01:04:15
proj9,team3,stg,APAC,Null,Null,Null,Null,cboyen7i,21/03/2024 20:37:06,21/03/2024 20:48:16
proj3,team3,dev,EMEA,Null,Null,Null,Null,mstuck7j,05/01/2024 13:44:21,05/01/2024 14:40:32
proj8,team9,stg,AMER,Null,Null,Null,Null,sessex7k,11/02/2024 13:12:14,11/02/2024 13:50:54
proj1,team9,prd,EMEA,Null,Null,Null,Null,oturn7l,18/04/2024 13:14:02,18/04/2024 13:34:55
proj5,team3,prd,AMER,Null,Null,Null,Null,tmiddlebrook7m,08/05/2024 14:38:59,08/05/2024 15:27:49
proj5,team10,dev,EMEA,Null,Null,Null,Null,atreadger7n,20/05/2024 11:09:16,20/05/2024 11:35:39
proj4,team7,stg,APAC,Null,Null,Null,Null,sglenny7o,01/01/2024 13:05:53,01/01/2024 13:34:29
proj8,team3,prd,AMER,Null,Null,Null,Null,rhartmann7p,16/05/2024 05:29:09,16/05/2024 05:40:39
proj8,team9,prd,AMER,Null,Null,Null,Null,wplesing7q,09/04/2024 09:51:08,09/04/2024 10:05:36
proj9,team8,prd,AMER,Null,Null,Null,Null,gberkowitz7r,31/01/2024 05:17:26,31/01/2024 05:22:09
proj5,team8,stg,AMER,Null,Null,Null,Null,jgunnell7s,31/03/2024 02:18:20,31/03/2024 03:04:09
proj2,team2,dev,APAC,Null,Null,Null,Null,snewtown7t,07/07/2024 19:41:45,07/07/2024 19:51:37
proj1,team3,dev,AMER,Null,Null,Null,Null,kfrankiss7u,05/04/2024 13:21:56,05/04/2024 13:36:07
proj7,team2,dev,EMEA,Null,Null,Null,Null,bwoodroffe7v,23/04/2024 11:14:43,23/04/2024 11:32:43
proj9,team2,stg,EMEA,Null,Null,Null,Null,despino7w,16/03/2024 21:03:35,16/03/2024 21:42:04
proj2,team6,prd,EMEA,Null,Null,Null,Null,llory7x,01/02/2024 19:43:25,01/02/2024 20:08:38
proj8,team6,dev,AMER,Null,Null,Null,Null,evallow7y,07/04/2024 01:48:27,07/04/2024 02:02:19
proj8,team7,dev,APAC,Null,Null,Null,Null,jappleyard7z,19/01/2024 04:35:43,19/01/2024 04:41:22
proj2,team7,stg,EMEA,Null,Null,Null,Null,pdoblin80,13/02/2024 18:52:31,13/02/2024 18:54:53
proj1,team2,dev,APAC,Null,Null,Null,Null,fhance81,08/07/2024 03:14:42,08/07/2024 03:46:43
proj4,team6,dev,AMER,Null,Null,Null,Null,cklimuk82,06/01/2024 17:58:47,06/01/2024 18:51:37
proj7,team1,prd,EMEA,Null,Null,Null,Null,imorphew83,26/02/2024 08:19:37,26/02/2024 08:58:21
proj7,team5,stg,EMEA,Null,Null,Null,Null,spellamont84,30/05/2024 01:37:26,30/05/2024 01:41:50
proj2,team10,prd,AMER,Null,Null,Null,Null,fvashchenko85,26/03/2024 10:14:15,26/03/2024 10:25:44
proj6,team3,stg,AMER,Null,Null,Null,Null,bmateus86,02/04/2024 07:01:59,02/04/2024 07:23:44
proj8,team6,prd,APAC,Null,Null,Null,Null,ttrobe87,12/01/2024 23:38:59,13/01/2024 00:19:46
proj6,team6,dev,AMER,Null,Null,Null,Null,fbowbrick88,19/05/2024 07:23:33,19/05/2024 08:09:03
proj1,team6,prd,AMER,Null,Null,Null,Null,ijallin89,03/04/2024 05:44:37,03/04/2024 05:45:43
proj7,team2,dev,APAC,Null,Null,Null,Null,wcorns8a,17/02/2024 18:04:10,17/02/2024 18:28:02
proj9,team10,dev,EMEA,Null,Null,Null,Null,lscrigmour8b,28/06/2024 10:28:13,28/06/2024 11:01:22
proj1,team1,prd,EMEA,Null,Null,Null,Null,sgallahar8c,12/06/2024 20:16:31,12/06/2024 21:12:29
proj7,team2,stg,AMER,Null,Null,Null,Null,jtottie8d,30/04/2024 03:41:38,30/04/2024 04:37:35
proj7,team9,dev,EMEA,Null,Null,Null,Null,charfleet8e,15/01/2024 03:16:34,15/01/2024 03:52:35
proj8,team8,stg,EMEA,Null,Null,Null,Null,cebsworth8f,28/02/2024 04:34:43,28/02/2024 05:10:28
proj10,team1,stg,APAC,Null,Null,Null,Null,mknapp8g,27/06/2024 10:14:18,27/06/2024 10:44:57
proj5,team3,dev,EMEA,Null,Null,Null,Null,nroyl8h,03/01/2024 04:56:55,03/01/2024 05:51:22
proj3,team2,dev,APAC,Null,Null,Null,Null,tzanassi8i,17/02/2024 22:09:20,17/02/2024 22:40:27
proj10,team6,stg,APAC,Null,Null,Null,Null,iboughtwood8j,08/07/2024 14:34:23,08/07/2024 15:14:23
proj2,team6,stg,EMEA,Null,Null,Null,Null,mandrassy8k,04/02/2024 20:45:01,04/02/2024 20:51:56
proj6,team8,stg,APAC,Null,Null,Null,Null,scomini8l,14/06/2024 10:35:30,14/06/2024 10:59:52
proj6,team6,stg,AMER,Null,Null,Null,Null,jbatchelar8m,18/06/2024 20:07:28,18/06/2024 20:58:58
proj6,team1,prd,AMER,Null,Null,Null,Null,randri8n,30/03/2024 09:27:57,30/03/2024 09:38:42
proj2,team10,stg,EMEA,Null,Null,Null,Null,since8o,26/03/2024 18:02:27,26/03/2024 18:29:53
proj9,team6,prd,AMER,Null,Null,Null,Null,dellin8p,05/05/2024 03:28:01,05/05/2024 03:44:22
proj1,team7,stg,EMEA,Null,Null,Null,Null,mmerkel8q,07/01/2024 04:33:35,07/01/2024 04:41:58
proj6,team6,prd,EMEA,Null,Null,Null,Null,nlaws8r,21/05/2024 21:58:41,21/05/2024 22:20:13
proj4,team8,prd,APAC,Null,Null,Null,Null,cbrabin8s,01/01/2024 10:24:57,01/01/2024 11:13:16
proj10,team4,dev,AMER,Null,Null,Null,Null,omatuszinski8t,10/02/2024 18:21:40,10/02/2024 18:47:37
proj7,team3,stg,AMER,Null,Null,Null,Null,mfleet8u,21/06/2024 23:50:29,22/06/2024 00:24:28
proj5,team1,prd,EMEA,Null,Null,Null,Null,kitzkovich8v,29/01/2024 08:13:21,29/01/2024 09:01:53
proj5,team9,prd,APAC,Null,Null,Null,Null,fgladeche8w,14/06/2024 02:18:57,14/06/2024 03:01:29
proj10,team2,dev,AMER,Null,Null,Null,Null,mambrosoli8x,20/04/2024 08:24:29,20/04/2024 08:50:51
proj5,team6,stg,APAC,Null,Null,Null,Null,mkocher8y,06/06/2024 23:38:24,07/06/2024 00:10:14
proj4,team1,stg,APAC,Null,Null,Null,Null,jselborne8z,06/04/2024 08:34:19,06/04/2024 08:42:43
proj7,team8,dev,EMEA,Null,Null,Null,Null,hdacosta90,21/02/2024 01:29:30,21/02/2024 02:01:22
proj5,team1,dev,EMEA,Null,Null,Null,Null,jdurbin91,29/02/2024 02:45:52,29/02/2024 03:18:25
proj6,team5,dev,AMER,Null,Null,Null,Null,ktopes92,05/07/2024 09:34:56,05/07/2024 09:51:05
proj9,team2,prd,APAC,Null,Null,Null,Null,jskillitt93,09/02/2024 11:51:06,09/02/2024 12:05:28
proj3,team5,stg,EMEA,Null,Null,Null,Null,djeffreys94,18/05/2024 11:39:25,18/05/2024 12:36:47
proj10,team10,prd,AMER,Null,Null,Null,Null,lveregan95,06/04/2024 10:39:30,06/04/2024 10:42:49
proj8,team8,stg,APAC,Null,Null,Null,Null,cclendennen96,24/01/2024 16:45:11,24/01/2024 17:32:35
proj4,team7,stg,AMER,Null,Null,Null,Null,estinson97,17/01/2024 17:52:36,17/01/2024 18:12:20
proj7,team5,prd,AMER,Null,Null,Null,Null,mcapelen98,17/03/2024 21:18:42,17/03/2024 21:29:41
proj10,team6,prd,EMEA,Null,Null,Null,Null,mtodd99,03/02/2024 09:57:33,03/02/2024 10:44:53
proj9,team2,dev,EMEA,Null,Null,Null,Null,akimbrey9a,26/06/2024 18:46:27,26/06/2024 19:35:58
proj2,team1,dev,EMEA,Null,Null,Null,Null,mvian9b,29/03/2024 11:21:37,29/03/2024 12:08:35
proj10,team1,prd,AMER,Null,Null,Null,Null,aogden9c,01/06/2024 10:54:50,01/06/2024 11:11:37
proj5,team8,dev,AMER,Null,Null,Null,Null,dlapthorn9d,27/03/2024 20:53:52,27/03/2024 21:35:17
proj9,team5,stg,EMEA,Null,Null,Null,Null,jruter9e,03/04/2024 03:41:25,03/04/2024 04:00:45
proj10,team3,prd,APAC,Null,Null,Null,Null,lcharters9f,18/06/2024 11:17:20,18/06/2024 11:25:47
proj2,team8,dev,APAC,Null,Null,Null,Null,kdivill9g,11/02/2024 08:12:08,11/02/2024 08:20:31
proj6,team4,stg,APAC,Null,Null,Null,Null,jmarrington9h,06/02/2024 17:46:31,06/02/2024 18:38:11
proj7,team2,dev,APAC,Null,Null,Null,Null,acohen9i,15/05/2024 10:26:17,15/05/2024 11:25:11
proj6,team9,prd,APAC,Null,Null,Null,Null,hsimkiss9j,11/06/2024 13:19:57,11/06/2024 13:51:45
proj2,team2,dev,EMEA,Null,Null,Null,Null,lmarkwelley9k,13/04/2024 08:37:22,13/04/2024 08:37:49
proj2,team6,prd,APAC,Null,Null,Null,Null,mmorrel9l,31/05/2024 09:33:18,31/05/2024 10:10:23
proj6,team6,stg,AMER,Null,Null,Null,Null,coats9m,21/01/2024 05:41:03,21/01/2024 06:25:06
proj1,team6,stg,EMEA,Null,Null,Null,Null,mschiementz9n,26/01/2024 14:53:54,26/01/2024 15:42:00
proj6,team4,stg,AMER,Null,Null,Null,Null,asolland9o,15/02/2024 04:33:40,15/02/2024 04:37:52
proj3,team2,stg,AMER,Null,Null,Null,Null,pmchale9p,15/05/2024 15:16:00,15/05/2024 15:35:08
proj9,team1,prd,EMEA,Null,Null,Null,Null,cjayes9q,01/03/2024 16:53:17,01/03/2024 17:02:42
proj10,team6,stg,AMER,Null,Null,Null,Null,dmarzella9r,09/05/2024 20:02:23,09/05/2024 20:08:28
proj9,team2,prd,EMEA,Null,Null,Null,Null,cpie9s,14/02/2024 19:25:22,14/02/2024 20:09:44
proj2,team10,prd,AMER,Null,Null,Null,Null,jupham9t,22/03/2024 18:21:26,22/03/2024 19:01:30
proj2,team9,prd,AMER,Null,Null,Null,Null,jgittins9u,30/05/2024 13:16:07,30/05/2024 13:29:16
proj2,team1,stg,APAC,Null,Null,Null,Null,bhumbey9v,09/01/2024 18:59:13,09/01/2024 19:33:52
proj3,team9,dev,APAC,Null,Null,Null,Null,spennigar9w,08/04/2024 20:45:36,08/04/2024 20:48:38
proj5,team6,stg,EMEA,Null,Null,Null,Null,ikid9x,07/03/2024 10:46:15,07/03/2024 11:25:02
proj8,team10,dev,EMEA,Null,Null,Null,Null,lbenian9y,29/06/2024 04:53:28,29/06/2024 04:58:52
proj3,team1,dev,AMER,Null,Null,Null,Null,aceeley9z,08/04/2024 11:28:22,08/04/2024 11:41:15
proj8,team6,stg,APAC,Null,Null,Null,Null,mscholiga0,02/01/2024 23:14:45,02/01/2024 23:24:27
proj5,team6,stg,EMEA,Null,Null,Null,Null,rwerrita1,06/04/2024 11:17:56,06/04/2024 11:45:37
proj6,team3,dev,EMEA,Null,Null,Null,Null,dsidarya2,27/01/2024 11:25:14,27/01/2024 11:34:15
proj4,team2,prd,APAC,Null,Null,Null,Null,vswaffielda3,21/02/2024 22:09:23,21/02/2024 22:46:06
proj5,team6,dev,APAC,Null,Null,Null,Null,blargenta4,02/05/2024 13:23:52,02/05/2024 14:19:34
proj2,team7,prd,EMEA,Null,Null,Null,Null,epuckinghornea5,27/01/2024 11:54:22,27/01/2024 12:08:18
proj7,team2,prd,AMER,Null,Null,Null,Null,ppawlaczyka6,19/02/2024 21:44:55,19/02/2024 22:16:51
proj10,team6,stg,AMER,Null,Null,Null,Null,mpasleya7,11/02/2024 10:36:39,11/02/2024 10:58:52
proj8,team2,prd,AMER,Null,Null,Null,Null,shayballa8,14/01/2024 14:04:51,14/01/2024 14:26:05
proj8,team10,dev,EMEA,Null,Null,Null,Null,nlamperta9,22/05/2024 21:22:11,22/05/2024 21:55:58
proj2,team1,prd,APAC,Null,Null,Null,Null,ljeynesaa,02/04/2024 13:04:23,02/04/2024 13:20:24
proj9,team2,stg,EMEA,Null,Null,Null,Null,eschutterab,17/03/2024 12:52:19,17/03/2024 13:31:48
proj4,team5,prd,AMER,Null,Null,Null,Null,sansteeac,28/04/2024 17:42:46,28/04/2024 17:58:21
proj5,team4,dev,EMEA,Null,Null,Null,Null,tcastelliniad,14/06/2024 15:41:54,14/06/2024 16:25:24
proj1,team2,stg,EMEA,Null,Null,Null,Null,cwelburnae,12/02/2024 01:21:31,12/02/2024 02:18:40
proj7,team6,dev,APAC,Null,Null,Null,Null,pdowsaf,07/06/2024 15:43:17,07/06/2024 15:50:34
proj1,team6,stg,APAC,Null,Null,Null,Null,janneyag,04/06/2024 20:18:52,04/06/2024 21:05:01
proj9,team4,stg,APAC,Null,Null,Null,Null,apetrulisah,04/04/2024 03:47:50,04/04/2024 03:55:20
proj7,team2,dev,AMER,Null,Null,Null,Null,abowndai,26/02/2024 08:18:49,26/02/2024 08:24:57
proj3,team8,stg,APAC,Null,Null,Null,Null,ggallicoaj,30/04/2024 12:29:52,30/04/2024 12:48:46
proj8,team2,prd,EMEA,Null,Null,Null,Null,sdunsmuirak,12/03/2024 17:54:20,12/03/2024 18:23:34
proj3,team6,stg,EMEA,Null,Null,Null,Null,ogittensal,26/04/2024 02:59:10,26/04/2024 03:12:57
proj3,team5,prd,AMER,Null,Null,Null,Null,kdemcakam,30/05/2024 20:55:42,30/05/2024 21:10:15
proj2,team10,prd,EMEA,Null,Null,Null,Null,cnotonan,02/04/2024 16:03:25,02/04/2024 16:27:30
proj10,team7,stg,APAC,Null,Null,Null,Null,cstollardao,07/07/2024 05:03:00,07/07/2024 05:21:24
proj4,team10,prd,AMER,Null,Null,Null,Null,sbullerwellap,01/05/2024 07:45:58,01/05/2024 08:41:38
proj5,team3,prd,AMER,Null,Null,Null,Null,cmiramsaq,05/06/2024 11:18:20,05/06/2024 11:23:45
proj6,team6,stg,AMER,Null,Null,Null,Null,tpilsburyar,06/04/2024 19:51:48,06/04/2024 20:01:06
proj6,team10,dev,AMER,Null,Null,Null,Null,faggioas,18/06/2024 17:48:37,18/06/2024 18:07:12
proj6,team10,prd,AMER,Null,Null,Null,Null,hpanniersat,02/03/2024 23:44:41,03/03/2024 00:06:47
proj3,team8,stg,EMEA,Null,Null,Null,Null,tstopherau,22/01/2024 07:08:01,22/01/2024 07:15:52
proj5,team5,dev,AMER,Null,Null,Null,Null,lwillinghamav,22/04/2024 04:48:13,22/04/2024 05:04:53
proj2,team1,prd,APAC,Null,Null,Null,Null,jcastleaw,04/05/2024 11:25:51,04/05/2024 12:14:25
proj10,team1,dev,APAC,Null,Null,Null,Null,mzanelliax,30/05/2024 00:10:14,30/05/2024 00:41:35
proj4,team4,stg,APAC,Null,Null,Null,Null,acrombay,28/03/2024 17:30:07,28/03/2024 18:00:48
proj5,team1,stg,APAC,Null,Null,Null,Null,bcreswellaz,05/06/2024 16:46:57,05/06/2024 17:08:37
proj4,team8,dev,AMER,Null,Null,Null,Null,mtatlockb0,12/01/2024 03:17:49,12/01/2024 03:57:50
proj7,team1,dev,AMER,Null,Null,Null,Null,lfischerb1,23/02/2024 18:15:30,23/02/2024 19:04:53
proj10,team6,dev,EMEA,Null,Null,Null,Null,wbevesb2,01/01/2024 23:06:02,01/01/2024 23:44:20
proj8,team8,dev,AMER,Null,Null,Null,Null,ldixceeb3,27/06/2024 03:42:57,27/06/2024 04:38:50
proj2,team9,stg,AMER,Null,Null,Null,Null,vharnellb4,01/03/2024 02:06:03,01/03/2024 02:26:18
proj5,team5,dev,AMER,Null,Null,Null,Null,swassb5,28/05/2024 19:17:19,28/05/2024 19:23:20
proj2,team3,stg,APAC,Null,Null,Null,Null,ddabrowskib6,20/01/2024 02:23:09,20/01/2024 02:51:28
proj2,team3,dev,EMEA,Null,Null,Null,Null,fbensleyb7,01/02/2024 04:57:59,01/02/2024 05:18:35
proj6,team1,dev,AMER,Null,Null,Null,Null,mdamiralb8,29/05/2024 10:27:09,29/05/2024 10:27:32
proj6,team4,prd,AMER,Null,Null,Null,Null,csterlandb9,07/03/2024 10:07:10,07/03/2024 10:48:07
proj7,team6,prd,AMER,Null,Null,Null,Null,fthornhamba,05/03/2024 09:51:27,05/03/2024 10:19:14
proj2,team8,prd,EMEA,Null,Null,Null,Null,dcoultousbb,29/01/2024 19:38:04,29/01/2024 19:45:45
proj4,team3,prd,APAC,Null,Null,Null,Null,swestnedgebc,12/01/2024 23:11:56,12/01/2024 23:32:17
proj8,team7,prd,EMEA,Null,Null,Null,Null,bwederellbd,14/02/2024 23:08:04,14/02/2024 23:37:42
proj8,team4,dev,APAC,Null,Null,Null,Null,bdurrambe,01/06/2024 00:40:19,01/06/2024 01:16:37
proj7,team6,dev,EMEA,Null,Null,Null,Null,cbenzingbf,18/06/2024 23:12:34,18/06/2024 23:32:22
proj10,team3,stg,AMER,Null,Null,Null,Null,cyurshevbg,02/05/2024 06:13:44,02/05/2024 06:30:39
proj4,team7,stg,EMEA,Null,Null,Null,Null,rqueyeirobh,04/01/2024 00:52:48,04/01/2024 01:02:26
proj5,team8,prd,APAC,Null,Null,Null,Null,srenneybi,24/02/2024 09:13:49,24/02/2024 09:48:17
proj5,team1,prd,APAC,Null,Null,Null,Null,ejustebj,01/04/2024 20:05:45,01/04/2024 20:41:19
proj8,team3,dev,EMEA,Null,Null,Null,Null,gwiggallbk,19/03/2024 08:22:05,19/03/2024 09:10:29
proj5,team1,dev,APAC,Null,Null,Null,Null,tpuckrinbl,10/03/2024 02:59:38,10/03/2024 03:19:37
proj3,team5,stg,APAC,Null,Null,Null,Null,tbaccupbm,27/04/2024 01:37:17,27/04/2024 02:24:55
proj8,team4,dev,EMEA,Null,Null,Null,Null,cpoatbn,15/01/2024 20:23:01,15/01/2024 20:41:30
proj4,team3,stg,AMER,Null,Null,Null,Null,lbrameltbo,09/03/2024 23:10:04,10/03/2024 00:00:39
proj10,team9,stg,EMEA,Null,Null,Null,Null,tvideanbp,01/03/2024 01:00:06,01/03/2024 01:47:40
proj8,team9,stg,EMEA,Null,Null,Null,Null,lmathwinbq,01/07/2024 02:13:08,01/07/2024 03:11:28
proj9,team7,dev,EMEA,Null,Null,Null,Null,rpapezbr,24/02/2024 10:09:06,24/02/2024 10:52:15
proj3,team10,stg,AMER,Null,Null,Null,Null,vyusupovbs,09/04/2024 08:22:56,09/04/2024 09:20:57
proj7,team4,dev,EMEA,Null,Null,Null,Null,bkelwaybamberbt,21/01/2024 06:39:03,21/01/2024 07:00:32
proj2,team1,dev,EMEA,Null,Null,Null,Null,rfruchonbu,16/06/2024 10:17:50,16/06/2024 10:57:28
proj10,team4,prd,EMEA,Null,Null,Null,Null,ckemmetbv,17/01/2024 11:45:23,17/01/2024 11:55:39
proj5,team2,dev,AMER,Null,Null,Null,Null,abrierleybw,06/02/2024 12:54:24,06/02/2024 13:36:34
proj9,team6,stg,EMEA,Null,Null,Null,Null,eblunsumbx,09/01/2024 16:28:09,09/01/2024 16:39:40
proj7,team2,stg,AMER,Null,Null,Null,Null,ctutingby,04/07/2024 22:35:15,04/07/2024 23:02:32
proj3,team1,prd,EMEA,Null,Null,Null,Null,rtrickeybz,04/05/2024 19:08:48,04/05/2024 19:50:14
proj5,team1,prd,APAC,Null,Null,Null,Null,ibadrickc0,10/04/2024 18:11:31,10/04/2024 18:21:37
proj5,team3,dev,AMER,Null,Null,Null,Null,njoriozc1,13/06/2024 13:31:57,13/06/2024 13:56:35
proj6,team2,prd,AMER,Null,Null,Null,Null,btrimblec2,27/02/2024 19:56:30,27/02/2024 20:55:22
proj5,team5,stg,EMEA,Null,Null,Null,Null,mhaltc3,21/02/2024 06:57:55,21/02/2024 07:18:04
proj7,team9,prd,AMER,Null,Null,Null,Null,fohlsenc4,05/07/2024 19:47:29,05/07/2024 19:55:35
proj1,team5,stg,EMEA,Null,Null,Null,Null,aaingerc5,14/02/2024 01:27:45,14/02/2024 02:01:57
proj5,team10,prd,EMEA,Null,Null,Null,Null,mshanahanc6,10/06/2024 08:58:57,10/06/2024 09:18:18
proj10,team8,prd,EMEA,Null,Null,Null,Null,jheighoc7,20/06/2024 00:11:36,20/06/2024 01:06:26
proj9,team4,prd,APAC,Null,Null,Null,Null,mdunnettc8,03/02/2024 03:10:40,03/02/2024 03:27:37
proj2,team3,stg,EMEA,Null,Null,Null,Null,nhawkswellc9,06/01/2024 03:32:02,06/01/2024 04:00:19
proj6,team5,prd,APAC,Null,Null,Null,Null,aninottica,18/02/2024 12:22:41,18/02/2024 13:15:53
proj2,team2,dev,APAC,Null,Null,Null,Null,kheakercb,18/02/2024 00:41:42,18/02/2024 01:40:39
proj6,team1,prd,APAC,Null,Null,Null,Null,haseefcc,13/02/2024 03:47:04,13/02/2024 04:22:13
proj1,team1,prd,EMEA,Null,Null,Null,Null,smudlecd,13/05/2024 14:31:11,13/05/2024 15:21:00
proj8,team4,stg,APAC,Null,Null,Null,Null,mmcartance,26/02/2024 00:10:45,26/02/2024 00:46:43
proj9,team10,stg,EMEA,Null,Null,Null,Null,eraincincf,27/01/2024 09:11:30,27/01/2024 09:56:45
proj4,team8,stg,EMEA,Null,Null,Null,Null,srosenkrantzcg,23/03/2024 17:51:06,23/03/2024 18:06:13
proj9,team7,dev,EMEA,Null,Null,Null,Null,nhablotch,04/03/2024 08:47:50,04/03/2024 08:59:06
proj9,team6,stg,EMEA,Null,Null,Null,Null,egreenwellci,19/03/2024 17:48:59,19/03/2024 18:08:17
proj3,team1,dev,AMER,Null,Null,Null,Null,vcicchettocj,22/02/2024 07:09:42,22/02/2024 07:23:49
proj4,team2,prd,APAC,Null,Null,Null,Null,blyokhinck,07/07/2024 09:17:37,07/07/2024 10:06:39
proj10,team10,dev,EMEA,Null,Null,Null,Null,jwabeycl,04/02/2024 09:48:38,04/02/2024 09:49:13
proj8,team10,prd,AMER,Null,Null,Null,Null,gcamelicm,05/07/2024 13:50:01,05/07/2024 13:56:42
proj6,team10,stg,APAC,Null,Null,Null,Null,anoltecn,25/06/2024 12:25:43,25/06/2024 12:37:39
proj6,team6,dev,AMER,Null,Null,Null,Null,htraysco,24/02/2024 09:22:46,24/02/2024 10:03:48
proj8,team5,dev,APAC,Null,Null,Null,Null,tclarridgecp,11/01/2024 20:15:12,11/01/2024 20:20:08
proj3,team3,prd,AMER,Null,Null,Null,Null,bdorricottcq,31/03/2024 03:10:12,31/03/2024 03:31:56
proj2,team6,stg,EMEA,Null,Null,Null,Null,aphizackerlycr,11/06/2024 07:47:27,11/06/2024 08:42:52
proj8,team6,dev,AMER,Null,Null,Null,Null,klugtoncs,27/01/2024 04:24:28,27/01/2024 04:48:07
proj3,team9,stg,AMER,Null,Null,Null,Null,abrommagect,15/05/2024 00:33:50,15/05/2024 01:26:26
proj10,team5,prd,AMER,Null,Null,Null,Null,jseincu,05/01/2024 06:29:59,05/01/2024 06:31:57
proj10,team4,dev,EMEA,Null,Null,Null,Null,mpratorcv,09/06/2024 02:02:58,09/06/2024 02:25:11
proj4,team8,prd,EMEA,Null,Null,Null,Null,pkirsoppcw,01/03/2024 10:51:14,01/03/2024 11:26:02
proj10,team1,prd,AMER,Null,Null,Null,Null,lcawsbycx,21/03/2024 10:24:53,21/03/2024 11:05:26
proj2,team5,stg,AMER,Null,Null,Null,Null,uguerrazzicy,31/05/2024 05:33:54,31/05/2024 05:37:49
proj8,team7,dev,AMER,Null,Null,Null,Null,tbrackpoolcz,01/06/2024 02:36:07,01/06/2024 03:04:54
proj3,team10,dev,EMEA,Null,Null,Null,Null,nshackeltond0,06/03/2024 02:55:43,06/03/2024 03:46:09
proj3,team1,stg,APAC,Null,Null,Null,Null,gwatkissd1,24/02/2024 19:18:39,24/02/2024 19:37:29
proj8,team5,prd,AMER,Null,Null,Null,Null,lkewzickd2,23/05/2024 18:48:14,23/05/2024 19:00:18
proj8,team9,prd,APAC,Null,Null,Null,Null,skenwynd3,12/05/2024 02:22:46,12/05/2024 02:59:02
proj2,team8,prd,APAC,Null,Null,Null,Null,hyorkd4,17/03/2024 03:35:27,17/03/2024 03:55:31
proj10,team1,prd,APAC,Null,Null,Null,Null,dcoundleyd5,10/05/2024 23:07:25,10/05/2024 23:18:36
proj7,team5,dev,EMEA,Null,Null,Null,Null,eschaperod6,15/06/2024 11:24:36,15/06/2024 11:51:34
proj10,team10,stg,AMER,Null,Null,Null,Null,vwerndlyd7,14/03/2024 19:32:30,14/03/2024 19:59:26
proj6,team5,stg,AMER,Null,Null,Null,Null,hkiosseld8,10/02/2024 11:34:40,10/02/2024 12:18:19
proj9,team1,dev,APAC,Null,Null,Null,Null,mgillanid9,18/01/2024 08:05:10,18/01/2024 08:25:36
proj7,team5,stg,AMER,Null,Null,Null,Null,jmingauldda,19/02/2024 04:59:10,19/02/2024 05:25:15
proj9,team8,prd,APAC,Null,Null,Null,Null,dmokesdb,02/01/2024 13:44:03,02/01/2024 13:54:53
proj9,team6,dev,APAC,Null,Null,Null,Null,sverlingdc,10/06/2024 21:15:20,10/06/2024 22:00:12
proj6,team10,dev,APAC,Null,Null,Null,Null,djiroudekdd,22/01/2024 20:24:53,22/01/2024 20:49:52
proj2,team7,dev,APAC,Null,Null,Null,Null,aroggerode,04/06/2024 05:33:45,04/06/2024 05:53:21
proj10,team2,stg,AMER,Null,Null,Null,Null,msidondf,08/03/2024 18:11:56,08/03/2024 18:31:52
proj5,team9,stg,APAC,Null,Null,Null,Null,smactavishdg,07/03/2024 09:04:51,07/03/2024 09:11:37
proj1,team1,prd,EMEA,Null,Null,Null,Null,diacomodh,23/04/2024 13:45:15,23/04/2024 14:06:04
proj4,team3,stg,APAC,Null,Null,Null,Null,tgammilldi,29/02/2024 23:59:02,01/03/2024 00:05:17
proj10,team5,prd,APAC,Null,Null,Null,Null,rteasedj,24/06/2024 23:38:21,25/06/2024 00:07:37
proj4,team10,stg,APAC,Null,Null,Null,Null,idougaldk,02/06/2024 13:17:55,02/06/2024 13:47:56
proj5,team10,dev,AMER,Null,Null,Null,Null,dtracydl,06/03/2024 03:03:09,06/03/2024 03:58:43
proj4,team1,prd,EMEA,Null,Null,Null,Null,erenahandm,22/06/2024 08:49:51,22/06/2024 09:47:10
proj4,team2,dev,AMER,Null,Null,Null,Null,clacknordn,26/01/2024 09:25:09,26/01/2024 09:51:30
proj7,team5,prd,APAC,Null,Null,Null,Null,hkehrido,15/04/2024 06:33:38,15/04/2024 07:10:42
proj4,team1,prd,EMEA,Null,Null,Null,Null,rgriefdp,06/07/2024 09:13:36,06/07/2024 09:18:05
proj8,team4,stg,APAC,Null,Null,Null,Null,agulydq,05/07/2024 19:53:29,05/07/2024 20:20:38
proj4,team5,dev,APAC,Null,Null,Null,Null,pbancroftdr,03/06/2024 08:41:00,03/06/2024 09:34:20
proj4,team9,stg,EMEA,Null,Null,Null,Null,hmulryands,02/01/2024 02:47:19,02/01/2024 03:42:06
proj6,team8,stg,EMEA,Null,Null,Null,Null,vlavallindt,26/04/2024 00:12:43,26/04/2024 00:28:00
proj9,team3,stg,APAC,Null,Null,Null,Null,tweaverdu,25/01/2024 05:47:57,25/01/2024 06:07:51
proj5,team2,dev,EMEA,Null,Null,Null,Null,priellydv,22/02/2024 06:49:14,22/02/2024 07:46:29
proj7,team1,dev,EMEA,05/04/2024,537,Success,FALSE,ecaulierdw,Null,Null
proj7,team7,prd,APAC,02/01/2024,877,Faliure,TRUE,ggrayshandx,Null,Null
proj8,team3,stg,EMEA,13/03/2024,1353,Faliure,TRUE,agorvettedy,Null,Null
proj8,team1,dev,AMER,02/03/2024,903,Success,FALSE,cmulherondz,Null,Null
proj5,team2,dev,EMEA,11/01/2024,209,Faliure,TRUE,ggruszczake0,Null,Null
proj8,team7,prd,EMEA,02/04/2024,1173,Faliure,TRUE,rtamblingsone1,Null,Null
proj6,team10,stg,AMER,30/03/2024,1219,Faliure,FALSE,mfoulsere2,Null,Null
proj2,team3,stg,AMER,20/02/2024,157,Faliure,FALSE,kgatlinge3,Null,Null
proj4,team10,dev,AMER,20/04/2024,938,Faliure,TRUE,llukasike4,Null,Null
proj7,team8,stg,AMER,16/04/2024,233,Faliure,TRUE,cpoyntze5,Null,Null
proj10,team8,stg,APAC,21/01/2024,738,Faliure,FALSE,ffreethe6,Null,Null
proj7,team9,stg,EMEA,15/03/2024,346,Faliure,FALSE,lkellicke7,Null,Null
proj10,team5,prd,APAC,02/04/2024,882,Success,TRUE,jorrume8,Null,Null
proj2,team10,prd,EMEA,15/02/2024,949,Success,FALSE,wpannere9,Null,Null
proj1,team3,stg,AMER,30/01/2024,989,Faliure,FALSE,jcandwellea,Null,Null
proj3,team9,stg,APAC,08/03/2024,592,Success,FALSE,ksainseb,Null,Null
proj8,team7,dev,AMER,02/06/2024,578,Success,TRUE,gbolsteridgeec,Null,Null
proj8,team1,dev,AMER,27/04/2024,344,Success,FALSE,dabramoviced,Null,Null
proj9,team9,stg,EMEA,17/05/2024,944,Success,FALSE,ccreusee,Null,Null
proj5,team9,prd,AMER,11/02/2024,306,Faliure,FALSE,ocontief,Null,Null
proj3,team10,stg,EMEA,27/05/2024,1243,Faliure,FALSE,tmcbetheg,Null,Null
proj6,team7,prd,EMEA,30/05/2024,1044,Success,TRUE,dfantoneeh,Null,Null
proj10,team3,stg,EMEA,08/06/2024,437,Success,TRUE,kcoleyei,Null,Null
proj5,team3,stg,AMER,13/02/2024,193,Success,FALSE,gstanneringej,Null,Null
proj3,team5,dev,AMER,08/06/2024,1402,Faliure,TRUE,kmainek,Null,Null
proj5,team10,stg,AMER,04/07/2024,408,Faliure,FALSE,cmesshamel,Null,Null
proj7,team7,prd,EMEA,04/01/2024,727,Success,TRUE,imcilvorayem,Null,Null
proj4,team7,prd,AMER,21/05/2024,203,Faliure,FALSE,twraxallen,Null,Null
proj7,team4,prd,AMER,09/01/2024,1113,Success,TRUE,bfeaveryeareo,Null,Null
proj2,team4,dev,AMER,15/06/2024,11,Faliure,TRUE,droubayep,Null,Null
proj5,team4,prd,AMER,31/01/2024,1387,Success,TRUE,jwoaneq,Null,Null
proj6,team1,dev,AMER,20/01/2024,355,Faliure,FALSE,spolletter,Null,Null
proj8,team4,dev,APAC,29/04/2024,1304,Success,TRUE,pmurraes,Null,Null
proj2,team2,dev,AMER,16/01/2024,1379,Faliure,TRUE,ledlingtonet,Null,Null
proj5,team7,stg,AMER,14/04/2024,474,Faliure,TRUE,mperteu,Null,Null
proj7,team8,prd,AMER,10/01/2024,996,Success,FALSE,tbotlerev,Null,Null
proj7,team6,dev,EMEA,10/03/2024,717,Faliure,FALSE,ikeoghew,Null,Null
proj3,team10,dev,AMER,21/01/2024,328,Faliure,TRUE,acraydonex,Null,Null
proj10,team5,prd,AMER,22/06/2024,589,Success,FALSE,clapadulaey,Null,Null
proj2,team1,prd,EMEA,26/06/2024,655,Faliure,FALSE,ecokayneez,Null,Null
proj1,team7,stg,AMER,18/01/2024,454,Success,FALSE,mkramerf0,Null,Null
proj8,team8,stg,EMEA,06/06/2024,1208,Success,FALSE,lputtockf1,Null,Null
proj5,team10,stg,AMER,05/01/2024,278,Success,FALSE,mbrakef2,Null,Null
proj7,team6,prd,AMER,12/02/2024,1111,Faliure,FALSE,bsimonaitisf3,Null,Null
proj2,team9,prd,AMER,12/03/2024,775,Success,TRUE,mdenerleyf4,Null,Null
proj8,team4,stg,APAC,02/07/2024,498,Faliure,TRUE,hfaustianf5,Null,Null
proj4,team10,stg,AMER,09/03/2024,387,Faliure,FALSE,acoulthurstf6,Null,Null
proj2,team2,dev,EMEA,01/05/2024,865,Faliure,TRUE,traigattf7,Null,Null
proj5,team2,prd,APAC,14/03/2024,637,Faliure,FALSE,fmccereryf8,Null,Null
proj6,team10,prd,APAC,21/06/2024,1335,Success,FALSE,dcoltanf9,Null,Null
proj4,team1,stg,APAC,02/01/2024,1127,Faliure,FALSE,libbitsonfa,Null,Null
proj8,team10,dev,APAC,05/06/2024,757,Faliure,FALSE,jfellibrandfb,Null,Null
proj7,team2,dev,APAC,12/04/2024,1053,Success,TRUE,sflucksfc,Null,Null
proj5,team3,stg,EMEA,18/02/2024,1228,Faliure,TRUE,nhoundsonfd,Null,Null
proj7,team2,stg,EMEA,07/01/2024,988,Success,FALSE,hstainfe,Null,Null
proj6,team7,dev,AMER,03/07/2024,240,Success,FALSE,hfrantzenff,Null,Null
proj8,team4,dev,AMER,18/02/2024,900,Success,TRUE,djacobovitzfg,Null,Null
proj3,team10,stg,APAC,17/05/2024,958,Faliure,FALSE,klatchfordfh,Null,Null
proj1,team7,dev,AMER,27/05/2024,140,Faliure,FALSE,agyverfi,Null,Null
proj9,team1,prd,APAC,30/04/2024,651,Faliure,TRUE,geppsfj,Null,Null
proj6,team1,prd,AMER,08/06/2024,1186,Success,TRUE,dhartfordfk,Null,Null
proj2,team1,dev,AMER,22/06/2024,1022,Faliure,FALSE,jheinerfl,Null,Null
proj4,team5,dev,EMEA,21/01/2024,662,Faliure,TRUE,ldanilewiczfm,Null,Null
proj7,team4,stg,AMER,16/02/2024,1215,Faliure,FALSE,mgrubbfn,Null,Null
proj10,team6,stg,EMEA,30/03/2024,336,Success,FALSE,nrydeardfo,Null,Null
proj6,team6,stg,AMER,23/02/2024,520,Success,TRUE,smapotherfp,Null,Null
proj3,team9,dev,EMEA,29/05/2024,363,Success,TRUE,kguihenfq,Null,Null
proj6,team4,dev,APAC,02/03/2024,262,Success,FALSE,ejiroudekfr,Null,Null
proj5,team10,prd,AMER,15/03/2024,1358,Success,FALSE,fdossitfs,Null,Null
proj4,team2,stg,AMER,01/01/2024,1347,Faliure,TRUE,ldudlestonft,Null,Null
proj8,team9,prd,APAC,21/05/2024,273,Faliure,FALSE,rcainsfu,Null,Null
proj4,team3,stg,APAC,15/05/2024,173,Faliure,FALSE,srattryfv,Null,Null
proj1,team10,prd,EMEA,02/04/2024,996,Success,TRUE,gcominsfw,Null,Null
proj7,team3,dev,APAC,25/06/2024,1031,Faliure,TRUE,aottewellfx,Null,Null
proj2,team6,stg,EMEA,24/03/2024,730,Success,TRUE,cvousdenfy,Null,Null
proj4,team6,dev,AMER,23/02/2024,164,Faliure,TRUE,coakerfz,Null,Null
proj3,team3,prd,EMEA,05/04/2024,10,Success,TRUE,shyndmang0,Null,Null
proj2,team7,dev,APAC,22/06/2024,944,Faliure,TRUE,sgiralg1,Null,Null
proj3,team4,stg,AMER,15/06/2024,194,Success,FALSE,vspurierg2,Null,Null
proj6,team1,stg,EMEA,04/05/2024,702,Faliure,TRUE,avidgeong3,Null,Null
proj6,team6,prd,EMEA,22/04/2024,1392,Success,FALSE,rruossg4,Null,Null
proj9,team10,dev,APAC,22/05/2024,2,Success,TRUE,ecasassag5,Null,Null
proj7,team3,dev,AMER,06/06/2024,1262,Faliure,FALSE,eosmentg6,Null,Null
proj5,team10,prd,AMER,24/06/2024,908,Success,TRUE,cgellg7,Null,Null
proj6,team4,prd,AMER,14/05/2024,407,Faliure,TRUE,dcranstoung8,Null,Null
proj10,team1,stg,EMEA,26/06/2024,1296,Faliure,FALSE,sromerilg9,Null,Null
proj3,team6,prd,APAC,13/06/2024,539,Faliure,FALSE,tgreesonga,Null,Null
proj2,team8,prd,APAC,21/04/2024,896,Success,FALSE,uobriangb,Null,Null
proj2,team10,prd,EMEA,05/07/2024,1255,Faliure,FALSE,omaithgc,Null,Null
proj2,team9,stg,AMER,07/05/2024,142,Success,TRUE,kburrusgd,Null,Null
proj10,team7,stg,AMER,12/04/2024,632,Faliure,FALSE,wlaugheranege,Null,Null
proj5,team1,stg,APAC,03/06/2024,783,Faliure,TRUE,sprentygf,Null,Null
proj6,team9,prd,EMEA,29/03/2024,561,Faliure,TRUE,mkittowgg,Null,Null
proj6,team9,prd,EMEA,25/05/2024,186,Success,TRUE,jcresseygh,Null,Null
proj1,team6,stg,APAC,10/06/2024,494,Success,FALSE,cfakegi,Null,Null
proj8,team4,stg,AMER,27/06/2024,913,Success,TRUE,kpoolegj,Null,Null
proj1,team1,prd,AMER,13/02/2024,335,Success,FALSE,gforstergk,Null,Null
proj10,team10,stg,AMER,20/04/2024,1250,Faliure,TRUE,jwelchmangl,Null,Null
proj2,team9,stg,EMEA,12/03/2024,1067,Faliure,TRUE,amelladewgm,Null,Null
proj4,team8,dev,AMER,24/05/2024,47,Faliure,TRUE,bmcguinleygn,Null,Null
proj3,team5,stg,APAC,30/05/2024,1440,Faliure,FALSE,vhardistrygo,Null,Null
proj7,team5,prd,AMER,16/02/2024,1019,Faliure,TRUE,tworshallgp,Null,Null
proj3,team5,prd,EMEA,20/02/2024,776,Success,TRUE,rmcdonnellgq,Null,Null
proj4,team8,dev,AMER,07/03/2024,157,Success,FALSE,amarquisgr,Null,Null
proj9,team8,stg,APAC,25/04/2024,816,Faliure,FALSE,mashboltgs,Null,Null
proj7,team4,stg,APAC,01/05/2024,687,Success,TRUE,cdillewaygt,Null,Null
proj9,team1,stg,AMER,28/02/2024,768,Success,TRUE,dblindermanngu,Null,Null
proj9,team10,dev,AMER,23/03/2024,433,Success,TRUE,ccorwoodgv,Null,Null
proj10,team4,prd,AMER,25/01/2024,271,Faliure,FALSE,preadmangw,Null,Null
proj1,team8,prd,AMER,13/02/2024,803,Success,FALSE,tpitchfordgx,Null,Null
proj5,team8,stg,EMEA,13/06/2024,1165,Faliure,TRUE,nwetheraldgy,Null,Null
proj3,team5,prd,APAC,30/04/2024,715,Faliure,FALSE,griggsgz,Null,Null
proj10,team9,dev,AMER,17/03/2024,1212,Success,FALSE,rroggemanh0,Null,Null
proj3,team6,dev,EMEA,22/06/2024,330,Faliure,FALSE,calcockh1,Null,Null
proj4,team1,dev,AMER,16/04/2024,457,Success,TRUE,lparkesh2,Null,Null
proj3,team4,stg,APAC,26/01/2024,416,Faliure,FALSE,fpayzeh3,Null,Null
proj2,team7,prd,EMEA,02/06/2024,529,Success,TRUE,sschneidauh4,Null,Null
proj5,team2,prd,APAC,02/01/2024,1357,Success,TRUE,bbaffh5,Null,Null
proj9,team9,dev,EMEA,15/03/2024,545,Faliure,TRUE,tlovingh6,Null,Null
proj6,team2,dev,EMEA,21/03/2024,1064,Success,FALSE,mdignallh7,Null,Null
proj2,team9,prd,AMER,17/05/2024,563,Success,FALSE,hsemanh8,Null,Null
proj6,team4,dev,EMEA,02/02/2024,834,Faliure,FALSE,bsieurh9,Null,Null
proj3,team6,dev,APAC,13/02/2024,718,Faliure,TRUE,simpettha,Null,Null
proj5,team2,prd,APAC,30/04/2024,726,Success,FALSE,ineisinghb,Null,Null
proj3,team9,stg,APAC,29/05/2024,3,Success,TRUE,jfairburnehc,Null,Null
proj7,team6,dev,AMER,25/02/2024,61,Success,TRUE,jshierhd,Null,Null
proj2,team9,dev,APAC,20/01/2024,251,Success,FALSE,wmobiushe,Null,Null
proj8,team1,stg,EMEA,21/05/2024,838,Success,TRUE,cnearshf,Null,Null
proj1,team3,prd,EMEA,06/02/2024,511,Faliure,FALSE,msuttiehg,Null,Null
proj9,team2,stg,EMEA,05/06/2024,479,Faliure,TRUE,dkendellhh,Null,Null
proj9,team2,prd,EMEA,14/03/2024,206,Success,TRUE,cmcardlehi,Null,Null
proj5,team7,dev,AMER,28/03/2024,565,Faliure,TRUE,bhealhj,Null,Null
proj10,team2,dev,EMEA,24/05/2024,1017,Faliure,FALSE,cpinnigerhk,Null,Null
proj9,team9,stg,APAC,02/05/2024,1064,Success,TRUE,gfotitthl,Null,Null
proj6,team4,stg,AMER,09/03/2024,1400,Success,TRUE,randerhm,Null,Null
proj1,team9,dev,EMEA,19/05/2024,1068,Success,FALSE,abarstowkhn,Null,Null
proj1,team6,stg,AMER,05/07/2024,1113,Faliure,FALSE,dkilgourho,Null,Null
proj7,team4,dev,EMEA,01/06/2024,831,Faliure,FALSE,klambinhp,Null,Null
proj3,team7,prd,APAC,22/01/2024,1339,Faliure,FALSE,pclailhq,Null,Null
proj1,team3,stg,APAC,11/01/2024,938,Faliure,TRUE,ddewersonhr,Null,Null
proj3,team4,stg,EMEA,07/01/2024,620,Success,FALSE,dcloverhs,Null,Null
proj3,team5,prd,APAC,29/02/2024,399,Faliure,FALSE,lsemoradht,Null,Null
proj10,team2,prd,APAC,22/05/2024,709,Success,FALSE,achastagnierhu,Null,Null
proj3,team7,stg,EMEA,16/02/2024,984,Success,TRUE,jrennekehv,Null,Null
proj1,team9,dev,AMER,07/04/2024,132,Faliure,TRUE,pliggenshw,Null,Null
proj4,team5,stg,APAC,23/02/2024,1438,Success,TRUE,nlishmundhx,Null,Null
proj4,team2,dev,EMEA,23/06/2024,6,Success,TRUE,rcolatonhy,Null,Null
proj3,team2,stg,AMER,29/05/2024,1338,Faliure,TRUE,mstrudwickhz,Null,Null
proj4,team10,stg,APAC,26/06/2024,855,Success,TRUE,awadgei0,Null,Null
proj7,team6,stg,APAC,07/06/2024,47,Faliure,FALSE,ryeelli1,Null,Null
proj2,team5,dev,AMER,05/05/2024,327,Success,FALSE,cyeudalli2,Null,Null
proj6,team8,dev,EMEA,08/04/2024,527,Success,FALSE,joveyi3,Null,Null
proj6,team7,stg,APAC,04/07/2024,1275,Faliure,FALSE,epowisi4,Null,Null
proj3,team1,stg,AMER,05/02/2024,791,Success,TRUE,rlanceteri5,Null,Null
proj6,team7,dev,APAC,09/05/2024,999,Faliure,FALSE,wstannersi6,Null,Null
proj2,team6,prd,APAC,24/04/2024,325,Success,FALSE,erowlandsi7,Null,Null
proj2,team3,prd,EMEA,15/04/2024,102,Faliure,TRUE,pcarniei8,Null,Null
proj4,team9,prd,AMER,20/01/2024,381,Success,TRUE,mcoverti9,Null,Null
proj6,team7,dev,AMER,02/02/2024,1278,Success,FALSE,sringeria,Null,Null
proj3,team6,prd,APAC,27/01/2024,710,Success,FALSE,adarnellib,Null,Null
proj4,team1,dev,AMER,02/04/2024,1192,Success,TRUE,bdansieic,Null,Null
proj10,team1,stg,AMER,23/03/2024,1155,Faliure,FALSE,kspridgenid,Null,Null
proj7,team8,prd,AMER,03/03/2024,324,Faliure,TRUE,ablofeldie,Null,Null
proj4,team3,dev,EMEA,15/04/2024,423,Success,FALSE,hgoodlettif,Null,Null
proj5,team1,prd,AMER,20/05/2024,1154,Faliure,FALSE,tlookig,Null,Null
proj5,team4,dev,APAC,18/05/2024,86,Success,TRUE,epipeih,Null,Null
proj5,team3,prd,EMEA,21/05/2024,673,Faliure,TRUE,myegorevii,Null,Null
proj2,team8,stg,APAC,28/06/2024,337,Success,TRUE,cbeeverij,Null,Null
proj10,team4,dev,EMEA,30/01/2024,113,Faliure,TRUE,hmaccurleyik,Null,Null
proj4,team6,dev,AMER,23/03/2024,1424,Faliure,TRUE,cernkeil,Null,Null
proj6,team2,stg,EMEA,14/05/2024,1213,Success,FALSE,sstroobantim,Null,Null
proj8,team9,prd,EMEA,21/05/2024,1016,Success,TRUE,tcahillin,Null,Null
proj4,team5,stg,APAC,25/02/2024,106,Success,FALSE,hmarflittio,Null,Null
proj3,team9,prd,EMEA,29/02/2024,1116,Faliure,FALSE,rlowerip,Null,Null
proj6,team1,dev,APAC,21/06/2024,113,Success,FALSE,sjuckesiq,Null,Null
proj6,team7,prd,APAC,07/07/2024,674,Success,TRUE,msirrellir,Null,Null
proj5,team6,prd,AMER,03/07/2024,1349,Faliure,FALSE,ctibaldis,Null,Null
proj10,team1,dev,EMEA,02/06/2024,784,Faliure,FALSE,tmactavishit,Null,Null
proj9,team6,dev,AMER,24/02/2024,1191,Faliure,TRUE,ebenninckiu,Null,Null
proj2,team5,prd,EMEA,29/05/2024,1042,Success,TRUE,zsommersiv,Null,Null
proj1,team7,dev,APAC,18/03/2024,910,Faliure,TRUE,jdashkoviw,Null,Null
proj8,team4,stg,APAC,08/06/2024,770,Success,TRUE,kwardhawix,Null,Null
proj7,team8,prd,AMER,28/06/2024,1372,Success,FALSE,hwardingleyiy,Null,Null
proj6,team4,stg,AMER,06/04/2024,424,Faliure,FALSE,bcalleryiz,Null,Null
proj6,team7,prd,APAC,05/06/2024,944,Success,FALSE,esouthcombej0,Null,Null
proj1,team1,dev,EMEA,16/03/2024,1097,Success,FALSE,rrehorekj1,Null,Null
proj7,team8,stg,EMEA,08/05/2024,340,Faliure,FALSE,zburndredj2,Null,Null
proj6,team7,stg,AMER,18/02/2024,857,Faliure,FALSE,mcahillj3,Null,Null
proj5,team9,dev,AMER,15/04/2024,863,Success,FALSE,kcastanerj4,Null,Null
proj7,team3,dev,EMEA,03/02/2024,575,Faliure,TRUE,mnuddsj5,Null,Null
proj7,team9,dev,AMER,19/02/2024,50,Faliure,TRUE,hobingtonj6,Null,Null
proj3,team8,dev,EMEA,04/06/2024,686,Success,TRUE,mvandenboschj7,Null,Null
proj8,team5,stg,APAC,07/06/2024,160,Success,TRUE,ichengj8,Null,Null
proj5,team6,prd,APAC,03/07/2024,1349,Faliure,TRUE,nfromontj9,Null,Null
proj8,team4,prd,APAC,14/05/2024,657,Faliure,TRUE,ibristowja,Null,Null
proj6,team2,dev,AMER,03/05/2024,616,Success,FALSE,ilillicrapjb,Null,Null
proj6,team1,dev,AMER,27/02/2024,938,Faliure,FALSE,jcapitanojc,Null,Null
proj6,team5,prd,EMEA,30/05/2024,445,Faliure,FALSE,honolanjd,Null,Null
proj10,team9,prd,EMEA,28/02/2024,1053,Success,TRUE,kscaiceje,Null,Null
proj7,team7,dev,APAC,26/04/2024,1022,Success,TRUE,ahorleyjf,Null,Null
proj1,team3,stg,APAC,28/04/2024,604,Success,TRUE,ogaryjg,Null,Null
proj10,team2,stg,EMEA,15/01/2024,396,Success,TRUE,dfluryjh,Null,Null
proj2,team6,prd,EMEA,23/03/2024,1169,Faliure,FALSE,colivetji,Null,Null
proj5,team2,prd,APAC,04/04/2024,933,Success,FALSE,tsnawdonjj,Null,Null
proj10,team2,dev,EMEA,21/04/2024,498,Faliure,FALSE,cmoraisjk,Null,Null
proj8,team5,prd,EMEA,20/02/2024,554,Faliure,FALSE,adurkerjl,Null,Null
proj4,team7,dev,AMER,29/05/2024,1254,Faliure,FALSE,agunneyjm,Null,Null
proj8,team1,stg,EMEA,29/06/2024,1072,Faliure,TRUE,nlochjn,Null,Null
proj4,team2,stg,AMER,30/06/2024,213,Faliure,FALSE,cinstonjo,Null,Null
proj8,team7,stg,EMEA,04/07/2024,66,Faliure,TRUE,vdoumerquejp,Null,Null
proj1,team2,prd,EMEA,02/06/2024,491,Success,TRUE,grunciemanjq,Null,Null
proj9,team9,prd,AMER,06/05/2024,1182,Success,TRUE,iclaypooljr,Null,Null
proj9,team6,dev,AMER,09/06/2024,625,Faliure,FALSE,pmcgeachyjs,Null,Null
proj6,team5,prd,AMER,18/05/2024,615,Faliure,FALSE,atinanjt,Null,Null
proj2,team6,prd,APAC,06/02/2024,1315,Faliure,FALSE,lfairhamju,Null,Null
proj7,team3,stg,EMEA,18/02/2024,1042,Success,FALSE,ekaesmansjv,Null,Null
proj1,team4,dev,APAC,27/06/2024,372,Faliure,TRUE,nlovatjw,Null,Null
proj2,team6,stg,EMEA,04/03/2024,246,Faliure,FALSE,emationjx,Null,Null
proj3,team9,prd,APAC,05/05/2024,1085,Faliure,TRUE,mlovejoyjy,Null,Null
proj1,team1,stg,APAC,15/05/2024,1146,Success,FALSE,nrosenkrancjz,Null,Null
proj10,team7,prd,APAC,22/04/2024,1220,Success,TRUE,afraulok0,Null,Null
proj5,team6,stg,EMEA,06/03/2024,6,Success,FALSE,jbarltropk1,Null,Null
proj9,team3,dev,APAC,30/04/2024,383,Faliure,TRUE,mflippinik2,Null,Null
proj2,team2,dev,APAC,06/03/2024,228,Faliure,TRUE,zwranglek3,Null,Null
proj4,team9,prd,AMER,16/03/2024,1145,Success,TRUE,plavellek4,Null,Null
proj9,team3,dev,AMER,11/06/2024,253,Success,FALSE,gbodyk5,Null,Null
proj8,team2,dev,EMEA,06/05/2024,746,Faliure,FALSE,amcgrillk6,Null,Null
proj9,team3,stg,APAC,18/01/2024,1359,Success,FALSE,ahaydonk7,Null,Null
proj3,team2,prd,EMEA,17/03/2024,714,Success,FALSE,wloveredgek8,Null,Null
proj8,team9,stg,AMER,07/04/2024,486,Faliure,TRUE,ckaesmakersk9,Null,Null
proj3,team10,dev,AMER,30/05/2024,270,Success,FALSE,rlindgrenka,Null,Null
proj9,team8,dev,AMER,01/01/2024,505,Faliure,FALSE,sdebenedittikb,Null,Null
proj5,team5,stg,APAC,14/04/2024,1159,Success,FALSE,aellarkc,Null,Null
proj8,team10,dev,APAC,15/05/2024,749,Faliure,TRUE,tcorbenkd,Null,Null
proj9,team5,stg,APAC,10/04/2024,815,Faliure,TRUE,sspurdenke,Null,Null
proj3,team9,dev,APAC,14/02/2024,607,Success,TRUE,jdanilovickf,Null,Null
proj9,team1,prd,AMER,01/02/2024,1280,Faliure,TRUE,klackemannkg,Null,Null
proj10,team2,dev,AMER,27/06/2024,192,Success,TRUE,aclemencekh,Null,Null
proj3,team4,stg,APAC,04/07/2024,1093,Faliure,TRUE,higoki,Null,Null
proj4,team9,dev,EMEA,09/02/2024,1344,Success,TRUE,bhavertykj,Null,Null
proj4,team1,prd,EMEA,12/06/2024,269,Faliure,TRUE,kchampneyskk,Null,Null
proj6,team5,stg,EMEA,03/07/2024,747,Faliure,TRUE,swoodroofekl,Null,Null
proj3,team1,stg,EMEA,04/05/2024,414,Faliure,TRUE,cgrzeskowskikm,Null,Null
proj3,team5,stg,EMEA,01/07/2024,1020,Success,FALSE,tkilbridekn,Null,Null
proj2,team10,prd,EMEA,11/03/2024,191,Success,FALSE,aklostermanko,Null,Null
proj8,team9,dev,APAC,04/07/2024,757,Success,FALSE,rdurbannkp,Null,Null
proj2,team9,prd,AMER,18/05/2024,1149,Success,FALSE,idosdellkq,Null,Null
proj6,team8,stg,AMER,30/05/2024,621,Success,FALSE,hhambrickr,Null,Null
proj10,team1,dev,EMEA,17/04/2024,1329,Success,TRUE,jcarseks,Null,Null
proj8,team4,prd,APAC,18/02/2024,23,Success,TRUE,efoardkt,Null,Null
proj4,team4,stg,APAC,14/02/2024,1130,Faliure,FALSE,jcallenderku,Null,Null
proj7,team6,stg,AMER,13/04/2024,1155,Success,TRUE,sfarrakv,Null,Null
proj3,team6,dev,APAC,19/01/2024,1299,Faliure,FALSE,kjasperkw,Null,Null
proj10,team3,prd,AMER,04/01/2024,811,Faliure,FALSE,bisseleekx,Null,Null
proj4,team4,dev,AMER,05/07/2024,1058,Faliure,TRUE,gwigfieldky,Null,Null
proj3,team7,dev,APAC,29/03/2024,1075,Success,FALSE,ldeaconsonkz,Null,Null
proj2,team9,dev,APAC,15/04/2024,134,Success,TRUE,gluardl0,Null,Null
proj1,team10,stg,APAC,07/01/2024,854,Faliure,FALSE,esteedmanl1,Null,Null
proj9,team9,stg,EMEA,04/06/2024,553,Faliure,FALSE,mphairl2,Null,Null
proj1,team3,dev,EMEA,04/07/2024,274,Success,FALSE,deldonl3,Null,Null
proj7,team10,prd,AMER,27/01/2024,1227,Faliure,FALSE,isweenyl4,Null,Null
proj9,team3,stg,EMEA,04/02/2024,727,Success,FALSE,melcottl5,Null,Null
proj9,team7,stg,APAC,17/05/2024,721,Faliure,TRUE,bgoganl6,Null,Null
proj5,team2,prd,EMEA,20/03/2024,464,Faliure,FALSE,ovarlowl7,Null,Null
proj6,team10,prd,APAC,28/03/2024,91,Success,TRUE,tcheall8,Null,Null
proj10,team2,prd,AMER,28/03/2024,1385,Success,TRUE,ltracyl9,Null,Null
proj6,team10,prd,AMER,21/01/2024,1100,Faliure,FALSE,trolfola,Null,Null
proj3,team8,prd,EMEA,09/04/2024,379,Faliure,TRUE,dstaceylb,Null,Null
proj5,team7,prd,AMER,16/01/2024,966,Faliure,FALSE,ebeevenslc,Null,Null
proj4,team7,stg,EMEA,15/06/2024,602,Success,FALSE,kleestutld,Null,Null
proj10,team8,prd,APAC,02/02/2024,309,Faliure,FALSE,zhovertle,Null,Null
proj5,team4,prd,EMEA,13/05/2024,1078,Faliure,TRUE,ebeekenlf,Null,Null
proj8,team2,stg,EMEA,19/02/2024,898,Faliure,TRUE,dgerssamlg,Null,Null
proj5,team2,stg,APAC,19/01/2024,660,Faliure,FALSE,kblastocklh,Null,Null
proj2,team2,stg,APAC,13/01/2024,833,Faliure,TRUE,abuffeyli,Null,Null
proj6,team8,stg,EMEA,15/02/2024,1161,Success,TRUE,cspaingowerlj,Null,Null
proj10,team9,stg,APAC,07/06/2024,1262,Faliure,TRUE,cskiggslk,Null,Null
proj10,team9,stg,APAC,02/07/2024,1230,Faliure,TRUE,lbrunonll,Null,Null
proj3,team3,prd,EMEA,30/04/2024,1131,Success,TRUE,kkarolewskilm,Null,Null
proj2,team9,stg,EMEA,01/03/2024,669,Faliure,TRUE,nattockln,Null,Null
proj3,team5,stg,APAC,15/01/2024,392,Faliure,FALSE,ccankettlo,Null,Null
proj8,team2,dev,APAC,01/03/2024,1215,Success,TRUE,wneelylp,Null,Null
proj8,team5,stg,EMEA,01/05/2024,646,Success,FALSE,jsellicklq,Null,Null
proj3,team4,stg,EMEA,13/05/2024,685,Success,TRUE,lcoombslr,Null,Null
proj9,team5,dev,EMEA,17/02/2024,523,Faliure,TRUE,avidlocls,Null,Null
proj2,team9,dev,APAC,08/07/2024,424,Faliure,TRUE,aokelt,Null,Null
proj3,team1,dev,EMEA,02/06/2024,441,Faliure,FALSE,agreenalllu,Null,Null
proj9,team7,prd,EMEA,13/06/2024,943,Faliure,TRUE,bmactrustramlv,Null,Null
proj7,team1,stg,APAC,05/02/2024,1406,Success,TRUE,jaerslw,Null,Null
proj1,team7,stg,APAC,16/06/2024,428,Success,FALSE,ptownslx,Null,Null
proj8,team2,prd,AMER,21/05/2024,1411,Faliure,FALSE,kreveyly,Null,Null
proj4,team2,dev,APAC,13/05/2024,453,Success,TRUE,ghannelz,Null,Null
proj6,team2,stg,AMER,08/01/2024,1222,Faliure,FALSE,oedwinsm0,Null,Null
proj9,team2,dev,AMER,01/04/2024,393,Success,TRUE,lcallumm1,Null,Null
proj8,team1,prd,APAC,27/02/2024,92,Faliure,TRUE,lgoldfinchm2,Null,Null
proj6,team2,dev,APAC,20/06/2024,1348,Faliure,FALSE,kpatchingm3,Null,Null
proj5,team2,dev,AMER,16/02/2024,968,Success,TRUE,lscimonem4,Null,Null
proj7,team8,stg,APAC,20/05/2024,760,Faliure,FALSE,cbraxtonm5,Null,Null
proj6,team10,prd,AMER,09/02/2024,1372,Success,FALSE,mmoriartym6,Null,Null
proj3,team4,dev,EMEA,19/02/2024,895,Success,TRUE,ggavem7,Null,Null
proj1,team6,stg,EMEA,09/01/2024,746,Faliure,TRUE,cbronotm8,Null,Null
proj7,team8,prd,APAC,02/02/2024,1130,Success,FALSE,nmquhargem9,Null,Null
proj4,team9,stg,AMER,15/03/2024,1144,Success,TRUE,rmatyukonma,Null,Null
proj5,team3,prd,AMER,07/05/2024,718,Success,TRUE,fistonmb,Null,Null
proj9,team10,stg,EMEA,24/04/2024,503,Success,FALSE,kburrilmc,Null,Null
proj10,team9,dev,APAC,24/03/2024,811,Success,TRUE,asapirmd,Null,Null
proj5,team10,prd,EMEA,29/01/2024,125,Faliure,TRUE,cdemangelme,Null,Null
proj10,team5,dev,EMEA,12/05/2024,217,Faliure,FALSE,edeversonmf,Null,Null
proj9,team5,stg,EMEA,17/02/2024,539,Faliure,TRUE,droosemg,Null,Null
proj3,team10,dev,AMER,17/06/2024,864,Success,TRUE,oivashechkinmh,Null,Null
proj9,team9,stg,AMER,28/01/2024,839,Success,FALSE,asattinmi,Null,Null
proj4,team4,stg,EMEA,01/06/2024,413,Faliure,FALSE,eblestmj,Null,Null
proj1,team8,stg,APAC,21/03/2024,845,Faliure,FALSE,mnovotnimk,Null,Null
proj3,team4,dev,APAC,25/03/2024,1265,Success,FALSE,awheelanml,Null,Null
proj4,team3,dev,EMEA,30/04/2024,331,Success,FALSE,cpughmm,Null,Null
proj6,team4,stg,APAC,15/05/2024,1158,Faliure,FALSE,ecroxtonmn,Null,Null
proj3,team3,dev,AMER,03/06/2024,174,Success,FALSE,tripshermo,Null,Null
proj6,team2,stg,AMER,08/04/2024,245,Success,TRUE,mestickmp,Null,Null
proj2,team4,dev,EMEA,09/04/2024,1008,Success,FALSE,fseaversmq,Null,Null
proj9,team6,stg,AMER,02/04/2024,1349,Faliure,FALSE,ccockhillmr,Null,Null
proj10,team7,prd,EMEA,13/03/2024,362,Success,TRUE,dalvarms,Null,Null
proj10,team2,dev,EMEA,13/03/2024,1157,Faliure,TRUE,cbattabeemt,Null,Null
proj5,team8,stg,AMER,08/04/2024,1080,Success,FALSE,dtoplinmu,Null,Null
proj5,team2,stg,APAC,24/03/2024,709,Faliure,FALSE,rsmithersmv,Null,Null
proj9,team7,prd,AMER,24/06/2024,1427,Success,TRUE,lhawtrymw,Null,Null
proj5,team8,dev,APAC,27/05/2024,769,Faliure,TRUE,cridgleymx,Null,Null
proj8,team1,stg,AMER,28/06/2024,1387,Faliure,FALSE,clefeuvremy,Null,Null
proj8,team6,dev,AMER,21/06/2024,481,Success,TRUE,ahearnahmz,Null,Null
proj5,team6,stg,AMER,17/02/2024,323,Success,FALSE,ccrosswaiten0,Null,Null
proj5,team4,prd,AMER,10/02/2024,1050,Faliure,FALSE,rtorricellan1,Null,Null
proj10,team4,dev,AMER,09/03/2024,922,Faliure,TRUE,cstandbrooken2,Null,Null
proj7,team10,stg,AMER,05/02/2024,90,Success,TRUE,eraccion3,Null,Null
proj1,team5,prd,AMER,14/06/2024,696,Faliure,FALSE,salyonovn4,Null,Null
proj3,team4,prd,EMEA,11/01/2024,427,Faliure,TRUE,vhugonnetn5,Null,Null
proj2,team4,dev,AMER,05/07/2024,492,Success,FALSE,rshotboltn6,Null,Null
proj5,team4,dev,EMEA,24/04/2024,84,Faliure,FALSE,jbenjefieldn7,Null,Null
proj4,team4,dev,APAC,22/06/2024,479,Faliure,FALSE,dtolussin8,Null,Null
proj5,team10,prd,APAC,18/03/2024,155,Success,FALSE,dcowernn9,Null,Null
proj8,team2,prd,EMEA,18/04/2024,1325,Success,TRUE,sbrechna,Null,Null
proj1,team5,prd,EMEA,13/04/2024,318,Faliure,TRUE,bburrnb,Null,Null
proj1,team4,prd,EMEA,08/04/2024,519,Success,FALSE,mbritlandnc,Null,Null
proj1,team7,prd,EMEA,11/03/2024,962,Faliure,TRUE,jgrebertnd,Null,Null
proj2,team6,prd,APAC,16/05/2024,46,Success,TRUE,teiversne,Null,Null
proj2,team5,dev,AMER,22/01/2024,1175,Faliure,TRUE,ctothernf,Null,Null
proj10,team9,prd,EMEA,16/03/2024,316,Faliure,FALSE,ngermonng,Null,Null
proj2,team9,dev,EMEA,15/01/2024,197,Faliure,TRUE,adurrannh,Null,Null
proj2,team10,dev,APAC,21/06/2024,125,Success,TRUE,bseani,Null,Null
proj8,team9,prd,APAC,01/06/2024,53,Faliure,TRUE,hjarrettnj,Null,Null
proj3,team8,prd,EMEA,22/03/2024,820,Success,TRUE,bwallheadnk,Null,Null
proj1,team9,prd,EMEA,12/02/2024,719,Success,TRUE,rtrengovenl,Null,Null
proj1,team5,prd,EMEA,23/03/2024,613,Faliure,TRUE,lcordaynm,Null,Null
proj2,team7,stg,EMEA,11/02/2024,1388,Success,FALSE,mdoberernn,Null,Null
proj10,team2,dev,AMER,10/02/2024,294,Success,TRUE,nschultheissno,Null,Null
proj3,team1,stg,AMER,06/03/2024,1433,Faliure,TRUE,dwinscomnp,Null,Null
proj1,team3,stg,AMER,20/02/2024,346,Faliure,FALSE,kmoscropnq,Null,Null
proj2,team9,dev,AMER,05/05/2024,1159,Faliure,TRUE,nlaidlawnr,Null,Null
proj9,team4,dev,AMER,03/03/2024,270,Faliure,FALSE,efrickens,Null,Null
proj10,team1,prd,EMEA,11/06/2024,153,Success,FALSE,dswindlent,Null,Null
proj9,team6,dev,AMER,24/02/2024,123,Success,TRUE,lsergentnu,Null,Null
proj10,team1,stg,APAC,15/03/2024,391,Faliure,TRUE,egarternv,Null,Null
proj5,team4,prd,APAC,11/06/2024,871,Success,TRUE,nickovicznw,Null,Null
proj2,team9,stg,EMEA,05/03/2024,1339,Faliure,TRUE,xvizornx,Null,Null
proj1,team3,stg,EMEA,07/03/2024,1033,Success,TRUE,jekellny,Null,Null
proj3,team7,stg,APAC,14/01/2024,1153,Faliure,TRUE,csteptoenz,Null,Null
proj7,team6,stg,AMER,30/03/2024,402,Success,FALSE,nbakeso0,Null,Null
proj4,team9,prd,EMEA,31/01/2024,1297,Faliure,FALSE,jfurmengero1,Null,Null
proj1,team8,stg,APAC,17/01/2024,411,Faliure,TRUE,dlittricko2,Null,Null
proj9,team1,prd,EMEA,04/04/2024,939,Success,FALSE,rbidewello3,Null,Null
proj10,team4,stg,AMER,30/05/2024,919,Success,FALSE,pryrieo4,Null,Null
proj3,team10,stg,EMEA,22/04/2024,1431,Faliure,TRUE,fhyldeno5,Null,Null
proj9,team4,stg,EMEA,27/04/2024,1052,Success,FALSE,ntadlowo6,Null,Null
proj3,team5,dev,EMEA,09/03/2024,321,Faliure,FALSE,alebando7,Null,Null
proj3,team7,stg,EMEA,09/03/2024,832,Faliure,TRUE,sflearo8,Null,Null
proj8,team4,prd,AMER,14/03/2024,949,Success,FALSE,nvanichevo9,Null,Null
proj9,team6,dev,EMEA,19/01/2024,138,Faliure,TRUE,tmeadeoa,Null,Null
proj7,team10,dev,APAC,29/04/2024,1106,Faliure,TRUE,cburdyttob,Null,Null
proj1,team7,prd,AMER,07/07/2024,982,Success,FALSE,cneildoc,Null,Null
proj2,team7,dev,APAC,15/01/2024,964,Faliure,TRUE,dspittleod,Null,Null
proj2,team10,dev,AMER,13/04/2024,212,Success,TRUE,rfairmanoe,Null,Null
proj10,team9,prd,EMEA,12/04/2024,669,Success,FALSE,gbyrchof,Null,Null
proj4,team2,dev,EMEA,06/04/2024,765,Faliure,TRUE,rmcbratneyog,Null,Null
proj2,team6,stg,APAC,20/03/2024,393,Faliure,FALSE,yrobartsoh,Null,Null
proj8,team2,prd,AMER,14/05/2024,722,Success,TRUE,cdunneoi,Null,Null
proj6,team1,prd,AMER,23/06/2024,406,Success,TRUE,rmoxtedoj,Null,Null
proj9,team3,dev,APAC,23/04/2024,1076,Faliure,FALSE,alowndesbroughok,Null,Null
proj9,team8,prd,APAC,05/01/2024,432,Faliure,TRUE,wsconeol,Null,Null
proj8,team3,dev,EMEA,30/06/2024,771,Success,FALSE,wgatheralom,Null,Null
proj1,team4,prd,AMER,23/03/2024,1273,Success,FALSE,kcogaron,Null,Null
proj1,team10,dev,EMEA,06/06/2024,645,Faliure,TRUE,bhonigoo,Null,Null
proj5,team6,dev,AMER,06/01/2024,970,Faliure,FALSE,bveillardop,Null,Null
proj9,team5,stg,AMER,16/04/2024,1406,Success,TRUE,egertoq,Null,Null
proj8,team8,dev,AMER,23/06/2024,573,Faliure,FALSE,hbrineor,Null,Null
proj2,team2,stg,EMEA,17/01/2024,725,Faliure,TRUE,sairthos,Null,Null
proj4,team7,dev,APAC,04/04/2024,1025,Success,FALSE,jchellenhamot,Null,Null
proj2,team4,dev,EMEA,28/05/2024,547,Faliure,TRUE,bmacleodou,Null,Null
proj9,team9,stg,AMER,25/03/2024,1076,Success,TRUE,rcorradoov,Null,Null
proj9,team10,prd,AMER,03/07/2024,153,Success,FALSE,lbeedow,Null,Null
proj4,team8,prd,APAC,02/01/2024,1208,Faliure,FALSE,jskamalox,Null,Null
proj8,team5,prd,AMER,22/03/2024,1328,Faliure,TRUE,bcoldridgeoy,Null,Null
proj7,team8,stg,AMER,11/04/2024,1200,Faliure,TRUE,jyesipovoz,Null,Null
proj3,team5,stg,AMER,12/01/2024,988,Success,FALSE,bburbagep0,Null,Null
proj8,team3,stg,AMER,31/03/2024,1187,Success,FALSE,lbeidebekep1,Null,Null
proj7,team8,prd,EMEA,29/01/2024,521,Success,FALSE,frikardp2,Null,Null
proj10,team7,stg,EMEA,11/04/2024,1351,Success,FALSE,tsautterp3,Null,Null
proj8,team4,stg,APAC,08/03/2024,771,Success,FALSE,ntravissp4,Null,Null
proj8,team5,dev,AMER,09/04/2024,726,Success,TRUE,frubinekp5,Null,Null
proj9,team8,stg,EMEA,10/02/2024,348,Success,FALSE,coldalep6,Null,Null
proj7,team4,prd,EMEA,02/02/2024,508,Faliure,TRUE,abradbrookp7,Null,Null
proj3,team2,prd,AMER,24/05/2024,170,Success,TRUE,hstarrsp8,Null,Null
proj4,team3,prd,APAC,05/06/2024,762,Success,FALSE,tprichardp9,Null,Null
proj3,team7,dev,EMEA,03/03/2024,908,Success,TRUE,etanswillpa,Null,Null
proj4,team4,dev,AMER,28/04/2024,869,Success,FALSE,amallonpb,Null,Null
proj6,team5,dev,EMEA,14/03/2024,354,Faliure,TRUE,gmorecombpc,Null,Null
proj9,team1,prd,APAC,29/04/2024,495,Success,TRUE,eseymarkpd,Null,Null
proj9,team9,dev,AMER,21/03/2024,472,Success,TRUE,lstacepe,Null,Null
proj9,team4,dev,APAC,14/01/2024,1400,Success,TRUE,tmerdewpf,Null,Null
proj10,team7,dev,AMER,19/04/2024,846,Success,TRUE,emarvinpg,Null,Null
proj2,team7,dev,APAC,19/05/2024,550,Faliure,FALSE,lbelvinph,Null,Null
proj6,team9,stg,APAC,06/02/2024,107,Faliure,TRUE,fvintonpi,Null,Null
proj1,team3,dev,APAC,25/06/2024,579,Faliure,FALSE,cstquentinpj,Null,Null
proj6,team6,prd,APAC,27/04/2024,675,Success,TRUE,vlexapk,Null,Null
proj6,team1,stg,AMER,31/05/2024,559,Faliure,TRUE,gspellardpl,Null,Null
proj4,team9,prd,AMER,04/02/2024,560,Success,FALSE,ltallowinpm,Null,Null
proj10,team3,dev,AMER,20/02/2024,448,Faliure,FALSE,mdugdalepn,Null,Null
proj9,team8,prd,APAC,18/02/2024,191,Success,TRUE,msutorpo,Null,Null
proj1,team2,dev,EMEA,22/06/2024,462,Success,TRUE,crigtspp,Null,Null
proj3,team1,prd,AMER,16/03/2024,541,Success,FALSE,tclowneypq,Null,Null
proj2,team6,stg,APAC,14/03/2024,1084,Success,TRUE,lbrendpr,Null,Null
proj6,team8,prd,APAC,02/05/2024,1324,Faliure,FALSE,ividgeonps,Null,Null
proj4,team9,stg,AMER,25/01/2024,896,Faliure,TRUE,blethlaypt,Null,Null
proj1,team6,stg,AMER,05/07/2024,172,Success,FALSE,ngrelikpu,Null,Null
proj2,team8,dev,APAC,30/01/2024,280,Success,FALSE,bharrissonpv,Null,Null
proj1,team6,stg,AMER,19/06/2024,626,Success,TRUE,cgriffithepw,Null,Null
proj8,team10,stg,APAC,03/02/2024,167,Faliure,FALSE,lbartolozzipx,Null,Null
proj6,team9,dev,EMEA,02/05/2024,963,Success,TRUE,mroddenpy,Null,Null
proj6,team9,stg,APAC,21/06/2024,1156,Faliure,FALSE,ayoutheadpz,Null,Null
proj7,team5,stg,APAC,14/03/2024,832,Success,TRUE,vtounq0,Null,Null
proj4,team5,stg,APAC,11/01/2024,1265,Faliure,FALSE,kkernaghanq1,Null,Null
proj2,team1,dev,AMER,12/05/2024,1069,Faliure,FALSE,whopewellq2,Null,Null
proj1,team9,stg,AMER,22/05/2024,292,Success,FALSE,cgladdisq3,Null,Null
proj7,team3,stg,EMEA,28/01/2024,494,Success,FALSE,epedlarq4,Null,Null
proj8,team5,prd,APAC,07/02/2024,1248,Success,FALSE,eiuorioq5,Null,Null
proj4,team9,stg,AMER,10/01/2024,1134,Faliure,FALSE,iwilseq6,Null,Null
proj1,team4,stg,APAC,28/02/2024,1411,Success,FALSE,nwhinrayq7,Null,Null
proj1,team8,prd,EMEA,26/06/2024,1427,Success,TRUE,hdooheyq8,Null,Null
proj1,team1,prd,APAC,08/01/2024,695,Faliure,TRUE,afortyq9,Null,Null
proj4,team10,dev,APAC,26/04/2024,999,Faliure,FALSE,jchristensenqa,Null,Null
proj9,team1,stg,AMER,08/06/2024,1097,Faliure,TRUE,rvasseqb,Null,Null
proj1,team8,dev,AMER,11/05/2024,1114,Faliure,FALSE,droseveareqc,Null,Null
proj7,team9,prd,AMER,12/04/2024,2,Success,FALSE,ddavidovichqd,Null,Null
proj2,team10,dev,APAC,06/02/2024,1398,Success,FALSE,acogdellqe,Null,Null
proj5,team7,prd,AMER,07/04/2024,133,Success,FALSE,cfoskettqf,Null,Null
proj1,team1,prd,APAC,05/02/2024,760,Faliure,FALSE,rdakeqg,Null,Null
proj2,team10,prd,EMEA,04/02/2024,847,Faliure,FALSE,rlottringtonqh,Null,Null
proj8,team4,dev,AMER,11/06/2024,802,Faliure,FALSE,furreyqi,Null,Null
proj5,team10,prd,EMEA,18/01/2024,52,Success,FALSE,gmorgonqj,Null,Null
proj2,team9,prd,EMEA,30/03/2024,611,Faliure,FALSE,mcancellerqk,Null,Null
proj6,team2,prd,EMEA,13/02/2024,503,Faliure,FALSE,wziemenql,Null,Null
proj4,team2,prd,AMER,14/04/2024,578,Faliure,FALSE,rdauberqm,Null,Null
proj1,team6,stg,EMEA,18/04/2024,285,Success,FALSE,dfippeqn,Null,Null
proj1,team7,dev,AMER,10/02/2024,717,Success,FALSE,ejozefqo,Null,Null
proj10,team10,stg,APAC,25/03/2024,802,Faliure,TRUE,sdowthwaiteqp,Null,Null
proj2,team1,dev,AMER,28/04/2024,728,Faliure,TRUE,fpennacciqq,Null,Null
proj9,team4,dev,AMER,11/03/2024,30,Faliure,FALSE,cfiggenqr,Null,Null
proj4,team6,stg,EMEA,23/02/2024,465,Success,FALSE,zmaypotherqs,Null,Null
proj9,team10,stg,EMEA,25/03/2024,998,Faliure,FALSE,nkasbyeqt,Null,Null
proj6,team4,stg,EMEA,19/01/2024,1380,Faliure,TRUE,ksalzenqu,Null,Null
proj10,team1,dev,AMER,08/04/2024,309,Success,TRUE,blayqv,Null,Null
proj9,team2,dev,AMER,09/03/2024,589,Success,FALSE,hodonohueqw,Null,Null
proj1,team6,dev,APAC,26/06/2024,206,Faliure,TRUE,gfydoqx,Null,Null
proj9,team2,prd,EMEA,02/02/2024,70,Success,FALSE,adurradqy,Null,Null
proj9,team8,prd,APAC,07/03/2024,46,Faliure,TRUE,rlunnyqz,Null,Null
proj2,team6,dev,EMEA,31/01/2024,816,Success,FALSE,kgrinikhinr0,Null,Null
proj1,team4,stg,EMEA,29/01/2024,85,Faliure,TRUE,lstogglesr1,Null,Null
proj1,team8,stg,EMEA,23/06/2024,171,Faliure,TRUE,bgillowr2,Null,Null
proj6,team9,stg,APAC,25/01/2024,722,Faliure,FALSE,tarendtr3,Null,Null
proj9,team9,prd,APAC,30/06/2024,1082,Success,TRUE,asidawayr4,Null,Null
proj10,team1,prd,APAC,12/04/2024,1419,Success,FALSE,mleistr5,Null,Null
proj5,team8,dev,APAC,21/03/2024,1196,Faliure,FALSE,jwoolfallr6,Null,Null
proj9,team6,stg,EMEA,03/07/2024,3,Faliure,FALSE,tdoggr7,Null,Null
proj9,team1,prd,APAC,02/06/2024,451,Success,TRUE,lcarlemanr8,Null,Null
proj9,team2,prd,APAC,20/05/2024,198,Faliure,FALSE,bdabornr9,Null,Null
proj10,team9,dev,APAC,08/05/2024,22,Faliure,TRUE,kseneschalra,Null,Null
proj3,team8,prd,APAC,02/06/2024,1367,Success,TRUE,cgreenmonrb,Null,Null
proj5,team2,stg,APAC,09/04/2024,287,Faliure,TRUE,amaccartneyrc,Null,Null
proj6,team6,stg,EMEA,03/07/2024,463,Success,FALSE,lgrisewoodrd,Null,Null
proj10,team2,dev,AMER,19/06/2024,162,Faliure,TRUE,edunphyre,Null,Null
proj1,team7,dev,AMER,01/03/2024,5,Faliure,TRUE,pbrittanrf,Null,Null
proj10,team2,dev,APAC,17/04/2024,45,Faliure,FALSE,mmclorinanrg,Null,Null
proj2,team3,prd,APAC,15/04/2024,807,Faliure,TRUE,ksandomrh,Null,Null
proj7,team4,stg,APAC,27/04/2024,1116,Success,TRUE,dwathallri,Null,Null
proj6,team3,prd,EMEA,23/06/2024,575,Success,TRUE,wnylandrj,Null,Null
proj10,team10,dev,EMEA,08/01/2024,436,Success,FALSE,gconnikierk,Null,Null
proj3,team5,dev,AMER,27/06/2024,1290,Success,FALSE,mtidderrl,Null,Null
proj6,team5,dev,EMEA,11/04/2024,728,Success,FALSE,klicasrm,Null,Null
proj3,team2,prd,EMEA,21/03/2024,1327,Faliure,FALSE,cmeakingrn,Null,Null
proj8,team9,dev,AMER,24/01/2024,201,Success,TRUE,drudhamro,Null,Null
proj3,team5,dev,AMER,25/06/2024,800,Success,FALSE,aquilliganrp,Null,Null
proj5,team7,stg,AMER,08/01/2024,847,Success,FALSE,jlulhamrq,Null,Null
proj10,team10,prd,EMEA,11/06/2024,201,Success,FALSE,gclareyrr,Null,Null
